#-----------------------------------------------------------
# Vivado v2024.2 (64-bit)
# SW Build 5239630 on Fri Nov 08 22:34:34 MST 2024
# IP Build 5239520 on Sun Nov 10 16:12:51 MST 2024
# SharedData Build 5239561 on Fri Nov 08 14:39:27 MST 2024
# Start of session at: Mon Jun  9 17:56:23 2025
# Process ID         : 16813
# Current directory  : /home/abhijit/Desktop/delay_automation
# Command line       : vivado -mode batch -source master.tcl
# Log file           : /home/abhijit/Desktop/delay_automation/vivado.log
# Journal file       : /home/abhijit/Desktop/delay_automation/vivado.jou
# Running On         : abhijit-Vostro-15-3568
# Platform           : Ubuntu
# Operating System   : Ubuntu 20.04.6 LTS
# Processor Detail   : Intel(R) Core(TM) i3-7020U CPU @ 2.30GHz
# CPU Frequency      : 2300.000 MHz
# CPU Physical cores : 2
# CPU Logical cores  : 4
# Host memory        : 3961 MB
# Swap memory        : 8589 MB
# Total Virtual      : 12551 MB
# Available Virtual  : 11702 MB
#-----------------------------------------------------------
source master.tcl
# set top_module "mn_adder_wrapper"
# set part_name "xc7a200tlffv1156-2L"
# set N_List {128}
# proc gen_modules {n m} {
# 	#Generate the module descriptions in verilog and put in ./design_modules/
# 	file mkdir [file join [pwd] design_sweep_runs mn_adder_N${n}M${m} design_modules]
# 	set k [expr {$n - $m}]
# 	exec tclsh [file join [pwd] module_generator_scripts adder_wrapper_gen.tcl] $n $m > [file join [pwd] "design_sweep_runs" "mn_adder_N${n}M${m}" "design_modules" "adder_wrapper.v"]
# 	exec tclsh [file join [pwd] module_generator_scripts mn_adder_gen.tcl] $n $m > [file join [pwd] "design_sweep_runs" "mn_adder_N${n}M${m}" "design_modules" "mn_adder.v"]
# 	exec tclsh [file join [pwd] module_generator_scripts RCA_gen.tcl] $m $k > [file join [pwd] "design_sweep_runs" "mn_adder_N${n}M${m}" "design_modules" "RCA.v"]
# 	exec tclsh [file join [pwd] module_generator_scripts compressed_adder_gen.tcl] $k > [file join [pwd] "design_sweep_runs" "mn_adder_N${n}M${m}" "design_modules" "compressed_adder.v"]
# 	exec tclsh [file join [pwd] module_generator_scripts carry_compressor_gen.tcl] $k > [file join [pwd] "design_sweep_runs" "mn_adder_N${n}M${m}" "design_modules" "carry_compressor.v"]
# 	puts "All modules generated successfully\n\n"
# }
# proc flow {m n} {
# 	global top_module
# 	global part_name
# 
# 	puts "\nRunning synthesis for N=$n and M=$m\n"	
# 
# 	#create project
# 	create_project mn_adder_N${n}M${m} [file join [pwd] design_sweep_runs mn_adder_N${n}M${m}] -part $part_name
# 	
# 	#generate modules based on present parameter values
# 	gen_modules $n $m
# 	
# 	#add files
# 	set design_modules [glob [file join [pwd] "design_sweep_runs" "mn_adder_N${n}M${m}" "design_modules" *.v]]
# 	add_files -fileset sources_1 $design_modules
# 	update_compile_order -fileset sources_1
# 	
# 	
# 	#set top module
# 	set_property top $top_module [get_fileset sources_1]
# 	
# 	#call delay computation function
# 
# 	# run synthesis
# 	set status [catch {
#             launch_runs synth_1
#             wait_on_run synth_1
# 
# 	    launch_runs impl_1
# 	    wait_on_run impl_1
#         } result]
# 
#         if {$status != 0} {
#             puts "!! Synthesis failed for N=$n, M=$m"
#             puts "!! Error: $result"
#         } else {
#             puts "\nSynthesis completed successfully for N=$n, M=$m\n\n"
#         }
#         
# 
#         close_project
# }
# foreach n $N_List {
# 	for {set m 0} {$m <= 4} {incr m 2} {
# 		flow $m $n;
# 	}
# }

Running synthesis for N=128 and M=0

All modules generated successfully


WARNING: [Vivado 12-7122] Auto Incremental Compile:: No reference checkpoint was found in run synth_1. Auto-incremental flow will not be run, the standard flow will be run instead.
[Mon Jun  9 17:56:34 2025] Launched synth_1...
Run output will be captured here: /home/abhijit/Desktop/delay_automation/design_sweep_runs/mn_adder_N128M0/mn_adder_N128M0.runs/synth_1/runme.log
[Mon Jun  9 17:56:34 2025] Waiting for synth_1 to finish...

*** Running vivado
    with args -log mn_adder_wrapper.vds -m64 -product Vivado -mode batch -messageDb vivado.pb -notrace -source mn_adder_wrapper.tcl


****** Vivado v2024.2 (64-bit)
  **** SW Build 5239630 on Fri Nov 08 22:34:34 MST 2024
  **** IP Build 5239520 on Sun Nov 10 16:12:51 MST 2024
  **** SharedData Build 5239561 on Fri Nov 08 14:39:27 MST 2024
  **** Start of session at: Mon Jun  9 17:56:39 2025
    ** Copyright 1986-2022 Xilinx, Inc. All Rights Reserved.
    ** Copyright 2022-2024 Advanced Micro Devices, Inc. All Rights Reserved.

source mn_adder_wrapper.tcl -notrace
Command: synth_design -top mn_adder_wrapper -part xc7a200tlffv1156-2L
Starting synth_design
Attempting to get a license for feature 'Synthesis' and/or device 'xc7a200tl'
INFO: [Common 17-349] Got license for feature 'Synthesis' and/or device 'xc7a200tl'
INFO: [Synth 8-7079] Multithreading enabled for synth_design using a maximum of 7 processes.
INFO: [Synth 8-7078] Launching helper process for spawning children vivado processes
INFO: [Synth 8-7075] Helper process launched with PID 16918
---------------------------------------------------------------------------------
Starting Synthesize : Time (s): cpu = 00:00:06 ; elapsed = 00:00:07 . Memory (MB): peak = 1723.176 ; gain = 356.855 ; free physical = 350 ; free virtual = 9921
---------------------------------------------------------------------------------
INFO: [Synth 8-6157] synthesizing module 'mn_adder_wrapper' [/home/abhijit/Desktop/delay_automation/design_sweep_runs/mn_adder_N128M0/design_modules/adder_wrapper.v:3]
INFO: [Synth 8-6157] synthesizing module 'mn_adder' [/home/abhijit/Desktop/delay_automation/design_sweep_runs/mn_adder_N128M0/design_modules/mn_adder.v:2]
	Parameter N bound to: 128 - type: integer 
	Parameter M bound to: 0 - type: integer 
INFO: [Synth 8-6157] synthesizing module 'compressed_adder' [/home/abhijit/Desktop/delay_automation/design_sweep_runs/mn_adder_N128M0/design_modules/compressed_adder.v:2]
	Parameter K bound to: 128 - type: integer 
INFO: [Synth 8-6157] synthesizing module 'LUT6_2' [/home/abhijit/Xilinx/Vivado/2024.2/scripts/rt/data/unisim_comp.v:84343]
	Parameter INIT bound to: 64'b1110000100011110100001110111100010011001100110010110011001100110 
INFO: [Synth 8-6155] done synthesizing module 'LUT6_2' (0#1) [/home/abhijit/Xilinx/Vivado/2024.2/scripts/rt/data/unisim_comp.v:84343]
INFO: [Synth 8-6155] done synthesizing module 'compressed_adder' (0#1) [/home/abhijit/Desktop/delay_automation/design_sweep_runs/mn_adder_N128M0/design_modules/compressed_adder.v:2]
INFO: [Synth 8-6157] synthesizing module 'carry_compressor' [/home/abhijit/Desktop/delay_automation/design_sweep_runs/mn_adder_N128M0/design_modules/carry_compressor.v:3]
	Parameter K bound to: 128 - type: integer 
INFO: [Synth 8-6157] synthesizing module 'LUT6_2__parameterized0' [/home/abhijit/Xilinx/Vivado/2024.2/scripts/rt/data/unisim_comp.v:84343]
	Parameter INIT bound to: 64'b0000000000000000000001100110000000000000000000001111101010100000 
INFO: [Synth 8-6155] done synthesizing module 'LUT6_2__parameterized0' (0#1) [/home/abhijit/Xilinx/Vivado/2024.2/scripts/rt/data/unisim_comp.v:84343]
INFO: [Synth 8-6157] synthesizing module 'CARRY4' [/home/abhijit/Xilinx/Vivado/2024.2/scripts/rt/data/unisim_comp.v:3092]
INFO: [Synth 8-6155] done synthesizing module 'CARRY4' (0#1) [/home/abhijit/Xilinx/Vivado/2024.2/scripts/rt/data/unisim_comp.v:3092]
INFO: [Synth 8-6155] done synthesizing module 'carry_compressor' (0#1) [/home/abhijit/Desktop/delay_automation/design_sweep_runs/mn_adder_N128M0/design_modules/carry_compressor.v:3]
INFO: [Synth 8-6155] done synthesizing module 'mn_adder' (0#1) [/home/abhijit/Desktop/delay_automation/design_sweep_runs/mn_adder_N128M0/design_modules/mn_adder.v:2]
INFO: [Synth 8-6155] done synthesizing module 'mn_adder_wrapper' (0#1) [/home/abhijit/Desktop/delay_automation/design_sweep_runs/mn_adder_N128M0/design_modules/adder_wrapper.v:3]
WARNING: [Synth 8-3848] Net rca_sum in module/entity carry_compressor does not have driver. [/home/abhijit/Desktop/delay_automation/design_sweep_runs/mn_adder_N128M0/design_modules/carry_compressor.v:8]
WARNING: [Synth 8-3848] Net Cout in module/entity mn_adder does not have driver. [/home/abhijit/Desktop/delay_automation/design_sweep_runs/mn_adder_N128M0/design_modules/mn_adder.v:6]
WARNING: [Synth 8-7129] Port rca_sum[3] in module carry_compressor is either unconnected or has no load
WARNING: [Synth 8-7129] Port rca_sum[2] in module carry_compressor is either unconnected or has no load
WARNING: [Synth 8-7129] Port rca_sum[1] in module carry_compressor is either unconnected or has no load
WARNING: [Synth 8-7129] Port rca_sum[0] in module carry_compressor is either unconnected or has no load
WARNING: [Synth 8-7129] Port a_rem[3] in module carry_compressor is either unconnected or has no load
WARNING: [Synth 8-7129] Port a_rem[2] in module carry_compressor is either unconnected or has no load
WARNING: [Synth 8-7129] Port a_rem[1] in module carry_compressor is either unconnected or has no load
WARNING: [Synth 8-7129] Port a_rem[0] in module carry_compressor is either unconnected or has no load
WARNING: [Synth 8-7129] Port b_rem[3] in module carry_compressor is either unconnected or has no load
WARNING: [Synth 8-7129] Port b_rem[2] in module carry_compressor is either unconnected or has no load
WARNING: [Synth 8-7129] Port b_rem[1] in module carry_compressor is either unconnected or has no load
WARNING: [Synth 8-7129] Port b_rem[0] in module carry_compressor is either unconnected or has no load
WARNING: [Synth 8-7129] Port group_carry[63] in module compressed_adder is either unconnected or has no load
WARNING: [Synth 8-7129] Port Cout in module mn_adder is either unconnected or has no load
---------------------------------------------------------------------------------
Finished Synthesize : Time (s): cpu = 00:00:08 ; elapsed = 00:00:09 . Memory (MB): peak = 1796.145 ; gain = 429.824 ; free physical = 253 ; free virtual = 9828
---------------------------------------------------------------------------------
---------------------------------------------------------------------------------
Finished Constraint Validation : Time (s): cpu = 00:00:10 ; elapsed = 00:00:10 . Memory (MB): peak = 1813.957 ; gain = 447.637 ; free physical = 251 ; free virtual = 9827
---------------------------------------------------------------------------------
---------------------------------------------------------------------------------
Start Loading Part and Timing Information
---------------------------------------------------------------------------------
Loading part: xc7a200tlffv1156-2L
INFO: [Device 21-403] Loading part xc7a200tlffv1156-2L
---------------------------------------------------------------------------------
Finished Loading Part and Timing Information : Time (s): cpu = 00:00:10 ; elapsed = 00:00:10 . Memory (MB): peak = 1821.961 ; gain = 455.641 ; free physical = 250 ; free virtual = 9826
---------------------------------------------------------------------------------
---------------------------------------------------------------------------------
Finished RTL Optimization Phase 2 : Time (s): cpu = 00:00:10 ; elapsed = 00:00:10 . Memory (MB): peak = 1829.969 ; gain = 463.648 ; free physical = 241 ; free virtual = 9819
---------------------------------------------------------------------------------
No constraint files found.
---------------------------------------------------------------------------------
Start RTL Component Statistics 
---------------------------------------------------------------------------------
Detailed RTL Component Info : 
+---Registers : 
	                1 Bit    Registers := 2     
---------------------------------------------------------------------------------
Finished RTL Component Statistics 
---------------------------------------------------------------------------------
---------------------------------------------------------------------------------
Start Part Resource Summary
---------------------------------------------------------------------------------
Part Resources:
DSPs: 740 (col length:100)
BRAMs: 730 (col length: RAMB18 100 RAMB36 50)
---------------------------------------------------------------------------------
Finished Part Resource Summary
---------------------------------------------------------------------------------
No constraint files found.
---------------------------------------------------------------------------------
Start Cross Boundary and Area Optimization
---------------------------------------------------------------------------------
WARNING: [Synth 8-7080] Parallel synthesis criteria is not met
WARNING: [Synth 8-7129] Port rca_sum[3] in module carry_compressor is either unconnected or has no load
WARNING: [Synth 8-7129] Port rca_sum[2] in module carry_compressor is either unconnected or has no load
WARNING: [Synth 8-7129] Port rca_sum[1] in module carry_compressor is either unconnected or has no load
WARNING: [Synth 8-7129] Port rca_sum[0] in module carry_compressor is either unconnected or has no load
WARNING: [Synth 8-7129] Port a_rem[3] in module carry_compressor is either unconnected or has no load
WARNING: [Synth 8-7129] Port a_rem[2] in module carry_compressor is either unconnected or has no load
WARNING: [Synth 8-7129] Port a_rem[1] in module carry_compressor is either unconnected or has no load
WARNING: [Synth 8-7129] Port a_rem[0] in module carry_compressor is either unconnected or has no load
WARNING: [Synth 8-7129] Port b_rem[3] in module carry_compressor is either unconnected or has no load
WARNING: [Synth 8-7129] Port b_rem[2] in module carry_compressor is either unconnected or has no load
WARNING: [Synth 8-7129] Port b_rem[1] in module carry_compressor is either unconnected or has no load
WARNING: [Synth 8-7129] Port b_rem[0] in module carry_compressor is either unconnected or has no load
WARNING: [Synth 8-7129] Port group_carry[63] in module compressed_adder is either unconnected or has no load
WARNING: [Synth 8-7129] Port Cout in module mn_adder_wrapper is either unconnected or has no load
---------------------------------------------------------------------------------
Finished Cross Boundary and Area Optimization : Time (s): cpu = 00:00:16 ; elapsed = 00:00:17 . Memory (MB): peak = 1930.781 ; gain = 564.461 ; free physical = 138 ; free virtual = 9699
---------------------------------------------------------------------------------
No constraint files found.
---------------------------------------------------------------------------------
Start Timing Optimization
---------------------------------------------------------------------------------
---------------------------------------------------------------------------------
Finished Timing Optimization : Time (s): cpu = 00:00:16 ; elapsed = 00:00:17 . Memory (MB): peak = 1954.594 ; gain = 588.273 ; free physical = 133 ; free virtual = 9689
---------------------------------------------------------------------------------
---------------------------------------------------------------------------------
Start Technology Mapping
---------------------------------------------------------------------------------
---------------------------------------------------------------------------------
Finished Technology Mapping : Time (s): cpu = 00:00:16 ; elapsed = 00:00:17 . Memory (MB): peak = 1954.594 ; gain = 588.273 ; free physical = 131 ; free virtual = 9681
---------------------------------------------------------------------------------
---------------------------------------------------------------------------------
Start IO Insertion
---------------------------------------------------------------------------------
---------------------------------------------------------------------------------
Start Flattening Before IO Insertion
---------------------------------------------------------------------------------
---------------------------------------------------------------------------------
Finished Flattening Before IO Insertion
---------------------------------------------------------------------------------
---------------------------------------------------------------------------------
Start Final Netlist Cleanup
---------------------------------------------------------------------------------
---------------------------------------------------------------------------------
Finished Final Netlist Cleanup
---------------------------------------------------------------------------------
---------------------------------------------------------------------------------
Finished IO Insertion : Time (s): cpu = 00:00:22 ; elapsed = 00:00:23 . Memory (MB): peak = 2107.406 ; gain = 741.086 ; free physical = 130 ; free virtual = 9543
---------------------------------------------------------------------------------
---------------------------------------------------------------------------------
Start Renaming Generated Instances
---------------------------------------------------------------------------------
---------------------------------------------------------------------------------
Finished Renaming Generated Instances : Time (s): cpu = 00:00:22 ; elapsed = 00:00:23 . Memory (MB): peak = 2107.406 ; gain = 741.086 ; free physical = 130 ; free virtual = 9543
---------------------------------------------------------------------------------
---------------------------------------------------------------------------------
Start Rebuilding User Hierarchy
---------------------------------------------------------------------------------
---------------------------------------------------------------------------------
Finished Rebuilding User Hierarchy : Time (s): cpu = 00:00:22 ; elapsed = 00:00:23 . Memory (MB): peak = 2107.406 ; gain = 741.086 ; free physical = 130 ; free virtual = 9542
---------------------------------------------------------------------------------
---------------------------------------------------------------------------------
Start Renaming Generated Ports
---------------------------------------------------------------------------------
---------------------------------------------------------------------------------
Finished Renaming Generated Ports : Time (s): cpu = 00:00:22 ; elapsed = 00:00:23 . Memory (MB): peak = 2107.406 ; gain = 741.086 ; free physical = 130 ; free virtual = 9542
---------------------------------------------------------------------------------
---------------------------------------------------------------------------------
Start Handling Custom Attributes
---------------------------------------------------------------------------------
---------------------------------------------------------------------------------
Finished Handling Custom Attributes : Time (s): cpu = 00:00:22 ; elapsed = 00:00:23 . Memory (MB): peak = 2107.406 ; gain = 741.086 ; free physical = 130 ; free virtual = 9542
---------------------------------------------------------------------------------
---------------------------------------------------------------------------------
Start Renaming Generated Nets
---------------------------------------------------------------------------------
---------------------------------------------------------------------------------
Finished Renaming Generated Nets : Time (s): cpu = 00:00:22 ; elapsed = 00:00:23 . Memory (MB): peak = 2107.406 ; gain = 741.086 ; free physical = 130 ; free virtual = 9542
---------------------------------------------------------------------------------
---------------------------------------------------------------------------------
Start Writing Synthesis Report
---------------------------------------------------------------------------------

Report BlackBoxes: 
+-+--------------+----------+
| |BlackBox name |Instances |
+-+--------------+----------+
+-+--------------+----------+

Report Cell Usage: 
+------+-------+------+
|      |Cell   |Count |
+------+-------+------+
|1     |BUFG   |     1|
|2     |CARRY4 |    16|
|3     |LUT6   |   128|
|4     |FDRE   |     2|
|5     |IBUF   |   259|
|6     |OBUF   |   128|
|7     |OBUFT  |     1|
+------+-------+------+

Report Instance Areas: 
+------+--------------------------+-----------------+------+
|      |Instance                  |Module           |Cells |
+------+--------------------------+-----------------+------+
|1     |top                       |                 |   535|
|2     |  adder_inst              |mn_adder         |   144|
|3     |    compressed_adder_inst |compressed_adder |    64|
|4     |    CC_inst               |carry_compressor |    80|
+------+--------------------------+-----------------+------+
---------------------------------------------------------------------------------
Finished Writing Synthesis Report : Time (s): cpu = 00:00:22 ; elapsed = 00:00:23 . Memory (MB): peak = 2107.406 ; gain = 741.086 ; free physical = 130 ; free virtual = 9542
---------------------------------------------------------------------------------
Synthesis finished with 0 errors, 0 critical warnings and 31 warnings.
Synthesis Optimization Runtime : Time (s): cpu = 00:00:22 ; elapsed = 00:00:23 . Memory (MB): peak = 2107.406 ; gain = 741.086 ; free physical = 130 ; free virtual = 9542
Synthesis Optimization Complete : Time (s): cpu = 00:00:22 ; elapsed = 00:00:23 . Memory (MB): peak = 2107.414 ; gain = 741.086 ; free physical = 130 ; free virtual = 9542
INFO: [Project 1-571] Translating synthesized netlist
Netlist sorting complete. Time (s): cpu = 00:00:00.01 ; elapsed = 00:00:00.01 . Memory (MB): peak = 2122.281 ; gain = 0.000 ; free physical = 264 ; free virtual = 9677
INFO: [Netlist 29-17] Analyzing 144 Unisim elements for replacement
INFO: [Netlist 29-28] Unisim Transformation completed in 0 CPU seconds
INFO: [Project 1-570] Preparing netlist for logic optimization
INFO: [Opt 31-138] Pushed 0 inverter(s) to 0 load pin(s).
Netlist sorting complete. Time (s): cpu = 00:00:00 ; elapsed = 00:00:00 . Memory (MB): peak = 2217.844 ; gain = 0.000 ; free physical = 164 ; free virtual = 9583
INFO: [Project 1-111] Unisim Transformation Summary:
  A total of 128 instances were transformed.
  LUT6_2 => LUT6_2 (LUT5, LUT6): 128 instances

Synth Design complete | Checksum: e20ba79f
INFO: [Common 17-83] Releasing license: Synthesis
26 Infos, 31 Warnings, 0 Critical Warnings and 0 Errors encountered.
synth_design completed successfully
synth_design: Time (s): cpu = 00:00:33 ; elapsed = 00:00:29 . Memory (MB): peak = 2217.844 ; gain = 851.531 ; free physical = 164 ; free virtual = 9583
INFO: [Common 17-2834] synth_design peak Physical Memory [PSS] (MB): overall = 1530.430; main = 1485.290; forked = 271.703
INFO: [Common 17-2834] synth_design peak Virtual Memory [VSS] (MB): overall = 2945.383; main = 2217.848; forked = 914.785
Write ShapeDB Complete: Time (s): cpu = 00:00:00.08 ; elapsed = 00:00:00.03 . Memory (MB): peak = 2241.855 ; gain = 0.000 ; free physical = 164 ; free virtual = 9584
INFO: [Common 17-1381] The checkpoint '/home/abhijit/Desktop/delay_automation/design_sweep_runs/mn_adder_N128M0/mn_adder_N128M0.runs/synth_1/mn_adder_wrapper.dcp' has been generated.
INFO: [Vivado 12-24828] Executing command : report_utilization -file mn_adder_wrapper_utilization_synth.rpt -pb mn_adder_wrapper_utilization_synth.pb
INFO: [Common 17-206] Exiting Vivado at Mon Jun  9 17:57:15 2025...
[Mon Jun  9 17:57:16 2025] synth_1 finished
wait_on_runs: Time (s): cpu = 00:00:46 ; elapsed = 00:00:41 . Memory (MB): peak = 1367.320 ; gain = 0.000 ; free physical = 1399 ; free virtual = 10817
[Mon Jun  9 17:57:16 2025] Launched impl_1...
Run output will be captured here: /home/abhijit/Desktop/delay_automation/design_sweep_runs/mn_adder_N128M0/mn_adder_N128M0.runs/impl_1/runme.log
[Mon Jun  9 17:57:16 2025] Waiting for impl_1 to finish...

*** Running vivado
    with args -log mn_adder_wrapper.vdi -applog -m64 -product Vivado -messageDb vivado.pb -mode batch -source mn_adder_wrapper.tcl -notrace


****** Vivado v2024.2 (64-bit)
  **** SW Build 5239630 on Fri Nov 08 22:34:34 MST 2024
  **** IP Build 5239520 on Sun Nov 10 16:12:51 MST 2024
  **** SharedData Build 5239561 on Fri Nov 08 14:39:27 MST 2024
  **** Start of session at: Mon Jun  9 17:57:20 2025
    ** Copyright 1986-2022 Xilinx, Inc. All Rights Reserved.
    ** Copyright 2022-2024 Advanced Micro Devices, Inc. All Rights Reserved.

source mn_adder_wrapper.tcl -notrace
Command: link_design -top mn_adder_wrapper -part xc7a200tlffv1156-2L
Design is defaulting to srcset: sources_1
Design is defaulting to constrset: constrs_1
INFO: [Device 21-403] Loading part xc7a200tlffv1156-2L
Netlist sorting complete. Time (s): cpu = 00:00:00 ; elapsed = 00:00:00.01 . Memory (MB): peak = 1507.660 ; gain = 0.000 ; free physical = 883 ; free virtual = 10303
INFO: [Netlist 29-17] Analyzing 144 Unisim elements for replacement
INFO: [Netlist 29-28] Unisim Transformation completed in 0 CPU seconds
INFO: [Project 1-479] Netlist was created with Vivado 2024.2
INFO: [Project 1-570] Preparing netlist for logic optimization
Read ShapeDB Complete: Time (s): cpu = 00:00:00.03 ; elapsed = 00:00:00.02 . Memory (MB): peak = 1565.535 ; gain = 2.000 ; free physical = 794 ; free virtual = 10210
Netlist sorting complete. Time (s): cpu = 00:00:00 ; elapsed = 00:00:00 . Memory (MB): peak = 1566.535 ; gain = 0.000 ; free physical = 793 ; free virtual = 10209
INFO: [Project 1-111] Unisim Transformation Summary:
  A total of 128 instances were transformed.
  LUT6_2 => LUT6_2 (LUT5, LUT6): 128 instances

6 Infos, 0 Warnings, 0 Critical Warnings and 0 Errors encountered.
link_design completed successfully
link_design: Time (s): cpu = 00:00:07 ; elapsed = 00:00:07 . Memory (MB): peak = 1566.535 ; gain = 200.227 ; free physical = 793 ; free virtual = 10209
Command: opt_design
Attempting to get a license for feature 'Implementation' and/or device 'xc7a200tl'
INFO: [Common 17-349] Got license for feature 'Implementation' and/or device 'xc7a200tl'
Running DRC as a precondition to command opt_design

Starting DRC Task
INFO: [DRC 23-27] Running DRC with 4 threads
INFO: [Project 1-461] DRC finished with 0 Errors
INFO: [Project 1-462] Please refer to the DRC report (report_drc) for more information.

Time (s): cpu = 00:00:04 ; elapsed = 00:00:02 . Memory (MB): peak = 1733.691 ; gain = 167.156 ; free physical = 738 ; free virtual = 10154

Starting Cache Timing Information Task
INFO: [Timing 38-35] Done setting XDC timing constraints.
Ending Cache Timing Information Task | Checksum: 298c54493

Time (s): cpu = 00:00:10 ; elapsed = 00:00:10 . Memory (MB): peak = 2039.863 ; gain = 306.172 ; free physical = 481 ; free virtual = 9913

Starting Logic Optimization Task

Phase 1 Initialization

Phase 1.1 Core Generation And Design Setup
Phase 1.1 Core Generation And Design Setup | Checksum: 298c54493

Time (s): cpu = 00:00:00 ; elapsed = 00:00:00 . Memory (MB): peak = 2375.785 ; gain = 0.000 ; free physical = 146 ; free virtual = 9578

Phase 1.2 Setup Constraints And Sort Netlist
Phase 1.2 Setup Constraints And Sort Netlist | Checksum: 298c54493

Time (s): cpu = 00:00:00 ; elapsed = 00:00:00 . Memory (MB): peak = 2375.785 ; gain = 0.000 ; free physical = 146 ; free virtual = 9578
Phase 1 Initialization | Checksum: 298c54493

Time (s): cpu = 00:00:00.01 ; elapsed = 00:00:00 . Memory (MB): peak = 2375.785 ; gain = 0.000 ; free physical = 146 ; free virtual = 9578

Phase 2 Timer Update And Timing Data Collection

Phase 2.1 Timer Update
Phase 2.1 Timer Update | Checksum: 298c54493

Time (s): cpu = 00:00:00.04 ; elapsed = 00:00:00.02 . Memory (MB): peak = 2375.785 ; gain = 0.000 ; free physical = 146 ; free virtual = 9578

Phase 2.2 Timing Data Collection
Phase 2.2 Timing Data Collection | Checksum: 298c54493

Time (s): cpu = 00:00:00.05 ; elapsed = 00:00:00.03 . Memory (MB): peak = 2375.785 ; gain = 0.000 ; free physical = 146 ; free virtual = 9578
Phase 2 Timer Update And Timing Data Collection | Checksum: 298c54493

Time (s): cpu = 00:00:00.05 ; elapsed = 00:00:00.03 . Memory (MB): peak = 2375.785 ; gain = 0.000 ; free physical = 146 ; free virtual = 9578

Phase 3 Retarget
INFO: [Opt 31-1851] Number of loadless carry chains removed were: 0
INFO: [Opt 31-1834] Total Chains To Be Transformed Were: 0 AND Number of Transformed insts Created are: 0
INFO: [Opt 31-138] Pushed 0 inverter(s) to 0 load pin(s).
INFO: [Opt 31-49] Retargeted 0 cell(s).
Phase 3 Retarget | Checksum: 298c54493

Time (s): cpu = 00:00:00.11 ; elapsed = 00:00:00.1 . Memory (MB): peak = 2375.785 ; gain = 0.000 ; free physical = 144 ; free virtual = 9576
Retarget | Checksum: 298c54493
INFO: [Opt 31-389] Phase Retarget created 0 cells and removed 0 cells

Phase 4 Constant propagation
INFO: [Opt 31-138] Pushed 0 inverter(s) to 0 load pin(s).
Phase 4 Constant propagation | Checksum: 298c54493

Time (s): cpu = 00:00:00.12 ; elapsed = 00:00:00.1 . Memory (MB): peak = 2375.785 ; gain = 0.000 ; free physical = 144 ; free virtual = 9576
Constant propagation | Checksum: 298c54493
INFO: [Opt 31-389] Phase Constant propagation created 0 cells and removed 0 cells

Phase 5 Sweep
INFO: [Constraints 18-11670] Building netlist checker database with flags, 0x8
Done building netlist checker database: Time (s): cpu = 00:00:00 ; elapsed = 00:00:00 . Memory (MB): peak = 2375.785 ; gain = 0.000 ; free physical = 144 ; free virtual = 9576
INFO: [Constraints 18-11670] Building netlist checker database with flags, 0x8
Done building netlist checker database: Time (s): cpu = 00:00:00 ; elapsed = 00:00:00 . Memory (MB): peak = 2375.785 ; gain = 0.000 ; free physical = 144 ; free virtual = 9576
Phase 5 Sweep | Checksum: 258d8d49f

Time (s): cpu = 00:00:00.14 ; elapsed = 00:00:00.12 . Memory (MB): peak = 2375.785 ; gain = 0.000 ; free physical = 144 ; free virtual = 9576
Sweep | Checksum: 258d8d49f
INFO: [Opt 31-389] Phase Sweep created 0 cells and removed 0 cells

Phase 6 BUFG optimization
Phase 6 BUFG optimization | Checksum: 258d8d49f

Time (s): cpu = 00:00:00.17 ; elapsed = 00:00:00.14 . Memory (MB): peak = 2407.801 ; gain = 32.016 ; free physical = 144 ; free virtual = 9576
BUFG optimization | Checksum: 258d8d49f
INFO: [Opt 31-662] Phase BUFG optimization created 0 cells of which 0 are BUFGs and removed 0 cells.

Phase 7 Shift Register Optimization
INFO: [Opt 31-1064] SRL Remap converted 0 SRLs to 0 registers and converted 0 registers of register chains to 0 SRLs
Phase 7 Shift Register Optimization | Checksum: 258d8d49f

Time (s): cpu = 00:00:00.18 ; elapsed = 00:00:00.14 . Memory (MB): peak = 2407.801 ; gain = 32.016 ; free physical = 144 ; free virtual = 9576
Shift Register Optimization | Checksum: 258d8d49f
INFO: [Opt 31-389] Phase Shift Register Optimization created 0 cells and removed 0 cells

Phase 8 Post Processing Netlist
Phase 8 Post Processing Netlist | Checksum: 258d8d49f

Time (s): cpu = 00:00:00.18 ; elapsed = 00:00:00.15 . Memory (MB): peak = 2407.801 ; gain = 32.016 ; free physical = 144 ; free virtual = 9576
Post Processing Netlist | Checksum: 258d8d49f
INFO: [Opt 31-389] Phase Post Processing Netlist created 0 cells and removed 0 cells

Phase 9 Finalization

Phase 9.1 Finalizing Design Cores and Updating Shapes
Phase 9.1 Finalizing Design Cores and Updating Shapes | Checksum: 2408b5873

Time (s): cpu = 00:00:00.59 ; elapsed = 00:00:00.56 . Memory (MB): peak = 2407.801 ; gain = 32.016 ; free physical = 144 ; free virtual = 9576

Phase 9.2 Verifying Netlist Connectivity

Starting Connectivity Check Task

Time (s): cpu = 00:00:00.01 ; elapsed = 00:00:00 . Memory (MB): peak = 2407.801 ; gain = 0.000 ; free physical = 144 ; free virtual = 9576
Phase 9.2 Verifying Netlist Connectivity | Checksum: 2408b5873

Time (s): cpu = 00:00:00.6 ; elapsed = 00:00:00.56 . Memory (MB): peak = 2407.801 ; gain = 32.016 ; free physical = 144 ; free virtual = 9576
Phase 9 Finalization | Checksum: 2408b5873

Time (s): cpu = 00:00:00.6 ; elapsed = 00:00:00.56 . Memory (MB): peak = 2407.801 ; gain = 32.016 ; free physical = 144 ; free virtual = 9576
Opt_design Change Summary
=========================


-------------------------------------------------------------------------------------------------------------------------
|  Phase                        |  #Cells created  |  #Cells Removed  |  #Constrained objects preventing optimizations  |
-------------------------------------------------------------------------------------------------------------------------
|  Retarget                     |               0  |               0  |                                              0  |
|  Constant propagation         |               0  |               0  |                                              0  |
|  Sweep                        |               0  |               0  |                                              0  |
|  BUFG optimization            |               0  |               0  |                                              0  |
|  Shift Register Optimization  |               0  |               0  |                                              0  |
|  Post Processing Netlist      |               0  |               0  |                                              0  |
-------------------------------------------------------------------------------------------------------------------------


Ending Logic Optimization Task | Checksum: 2408b5873

Time (s): cpu = 00:00:00.61 ; elapsed = 00:00:00.57 . Memory (MB): peak = 2407.801 ; gain = 32.016 ; free physical = 144 ; free virtual = 9576

Starting Power Optimization Task
INFO: [Pwropt 34-132] Skipping clock gating for clocks with a period < 2.00 ns.
Ending Power Optimization Task | Checksum: 2408b5873

Time (s): cpu = 00:00:00.01 ; elapsed = 00:00:00.01 . Memory (MB): peak = 2407.801 ; gain = 0.000 ; free physical = 144 ; free virtual = 9576

Starting Final Cleanup Task
Ending Final Cleanup Task | Checksum: 2408b5873

Time (s): cpu = 00:00:00 ; elapsed = 00:00:00 . Memory (MB): peak = 2407.801 ; gain = 0.000 ; free physical = 144 ; free virtual = 9576

Starting Netlist Obfuscation Task
Netlist sorting complete. Time (s): cpu = 00:00:00 ; elapsed = 00:00:00 . Memory (MB): peak = 2407.801 ; gain = 0.000 ; free physical = 144 ; free virtual = 9576
Ending Netlist Obfuscation Task | Checksum: 2408b5873

Time (s): cpu = 00:00:00 ; elapsed = 00:00:00 . Memory (MB): peak = 2407.801 ; gain = 0.000 ; free physical = 144 ; free virtual = 9576
INFO: [Common 17-83] Releasing license: Implementation
27 Infos, 0 Warnings, 0 Critical Warnings and 0 Errors encountered.
opt_design completed successfully
opt_design: Time (s): cpu = 00:00:19 ; elapsed = 00:00:16 . Memory (MB): peak = 2407.801 ; gain = 841.266 ; free physical = 144 ; free virtual = 9576
INFO: [Vivado 12-24828] Executing command : report_drc -file mn_adder_wrapper_drc_opted.rpt -pb mn_adder_wrapper_drc_opted.pb -rpx mn_adder_wrapper_drc_opted.rpx
Command: report_drc -file mn_adder_wrapper_drc_opted.rpt -pb mn_adder_wrapper_drc_opted.pb -rpx mn_adder_wrapper_drc_opted.rpx
INFO: [IP_Flow 19-234] Refreshing IP repositories
INFO: [IP_Flow 19-1704] No user IP repositories specified
INFO: [IP_Flow 19-2313] Loaded Vivado IP repository '/home/abhijit/Xilinx/Vivado/2024.2/data/ip'.
INFO: [DRC 23-27] Running DRC with 4 threads
INFO: [Vivado_Tcl 2-168] The results of DRC are in file /home/abhijit/Desktop/delay_automation/design_sweep_runs/mn_adder_N128M0/mn_adder_N128M0.runs/impl_1/mn_adder_wrapper_drc_opted.rpt.
report_drc completed successfully
Wrote PlaceDB: Time (s): cpu = 00:00:00.08 ; elapsed = 00:00:00.03 . Memory (MB): peak = 2407.801 ; gain = 0.000 ; free physical = 130 ; free virtual = 9535
Wrote PulsedLatchDB: Time (s): cpu = 00:00:00 ; elapsed = 00:00:00 . Memory (MB): peak = 2407.801 ; gain = 0.000 ; free physical = 130 ; free virtual = 9535
Writing XDEF routing.
Write ShapeDB Complete: Time (s): cpu = 00:00:00.12 ; elapsed = 00:00:00.04 . Memory (MB): peak = 2407.801 ; gain = 0.000 ; free physical = 129 ; free virtual = 9535
Writing XDEF routing logical nets.
Writing XDEF routing special nets.
Wrote RouteStorage: Time (s): cpu = 00:00:00.13 ; elapsed = 00:00:00.1 . Memory (MB): peak = 2407.801 ; gain = 0.000 ; free physical = 127 ; free virtual = 9533
Wrote Netlist Cache: Time (s): cpu = 00:00:00 ; elapsed = 00:00:00 . Memory (MB): peak = 2407.801 ; gain = 0.000 ; free physical = 127 ; free virtual = 9533
Wrote Device Cache: Time (s): cpu = 00:00:00 ; elapsed = 00:00:00.01 . Memory (MB): peak = 2407.801 ; gain = 0.000 ; free physical = 127 ; free virtual = 9533
Write Physdb Complete: Time (s): cpu = 00:00:00.21 ; elapsed = 00:00:00.14 . Memory (MB): peak = 2407.801 ; gain = 0.000 ; free physical = 127 ; free virtual = 9533
INFO: [Common 17-1381] The checkpoint '/home/abhijit/Desktop/delay_automation/design_sweep_runs/mn_adder_N128M0/mn_adder_N128M0.runs/impl_1/mn_adder_wrapper_opt.dcp' has been generated.
Command: place_design
Attempting to get a license for feature 'Implementation' and/or device 'xc7a200tl'
INFO: [Common 17-349] Got license for feature 'Implementation' and/or device 'xc7a200tl'
INFO: [Common 17-83] Releasing license: Implementation
INFO: [DRC 23-27] Running DRC with 4 threads
INFO: [Vivado_Tcl 4-198] DRC finished with 0 Errors
INFO: [Vivado_Tcl 4-199] Please refer to the DRC report (report_drc) for more information.
Running DRC as a precondition to command place_design
INFO: [DRC 23-27] Running DRC with 4 threads
INFO: [Vivado_Tcl 4-198] DRC finished with 0 Errors
INFO: [Vivado_Tcl 4-199] Please refer to the DRC report (report_drc) for more information.
INFO: [Place 30-611] Multithreading enabled for place_design using a maximum of 4 CPUs

Starting Placer Task

Phase 1 Placer Initialization

Phase 1.1 Placer Initialization Netlist Sorting
Netlist sorting complete. Time (s): cpu = 00:00:00 ; elapsed = 00:00:00 . Memory (MB): peak = 2407.801 ; gain = 0.000 ; free physical = 117 ; free virtual = 9511
Phase 1.1 Placer Initialization Netlist Sorting | Checksum: 1c5e31842

Time (s): cpu = 00:00:00.01 ; elapsed = 00:00:00 . Memory (MB): peak = 2407.801 ; gain = 0.000 ; free physical = 117 ; free virtual = 9511
Netlist sorting complete. Time (s): cpu = 00:00:00 ; elapsed = 00:00:00 . Memory (MB): peak = 2407.801 ; gain = 0.000 ; free physical = 117 ; free virtual = 9511

Phase 1.2 IO Placement/ Clock Placement/ Build Placer Device
INFO: [Timing 38-35] Done setting XDC timing constraints.
Phase 1.2 IO Placement/ Clock Placement/ Build Placer Device | Checksum: 205e9426f

Time (s): cpu = 00:00:05 ; elapsed = 00:00:04 . Memory (MB): peak = 2407.801 ; gain = 0.000 ; free physical = 120 ; free virtual = 9483

Phase 1.3 Build Placer Netlist Model
Phase 1.3 Build Placer Netlist Model | Checksum: 2d592824c

Time (s): cpu = 00:00:05 ; elapsed = 00:00:04 . Memory (MB): peak = 2414.738 ; gain = 6.938 ; free physical = 120 ; free virtual = 9485

Phase 1.4 Constrain Clocks/Macros
Phase 1.4 Constrain Clocks/Macros | Checksum: 2d592824c

Time (s): cpu = 00:00:05 ; elapsed = 00:00:04 . Memory (MB): peak = 2414.738 ; gain = 6.938 ; free physical = 120 ; free virtual = 9485
Phase 1 Placer Initialization | Checksum: 2d592824c

Time (s): cpu = 00:00:05 ; elapsed = 00:00:04 . Memory (MB): peak = 2414.738 ; gain = 6.938 ; free physical = 120 ; free virtual = 9485

Phase 2 Global Placement

Phase 2.1 Floorplanning
Phase 2.1 Floorplanning | Checksum: 2d592824c

Time (s): cpu = 00:00:05 ; elapsed = 00:00:04 . Memory (MB): peak = 2414.738 ; gain = 6.938 ; free physical = 118 ; free virtual = 9484

Phase 2.2 Update Timing before SLR Path Opt
Phase 2.2 Update Timing before SLR Path Opt | Checksum: 2d592824c

Time (s): cpu = 00:00:05 ; elapsed = 00:00:04 . Memory (MB): peak = 2414.738 ; gain = 6.938 ; free physical = 118 ; free virtual = 9484

Phase 2.3 Post-Processing in Floorplanning
Phase 2.3 Post-Processing in Floorplanning | Checksum: 2d592824c

Time (s): cpu = 00:00:05 ; elapsed = 00:00:04 . Memory (MB): peak = 2414.738 ; gain = 6.938 ; free physical = 118 ; free virtual = 9484

Phase 2.4 Global Place Phase1
Phase 2.4 Global Place Phase1 | Checksum: 27aa9d241

Time (s): cpu = 00:00:06 ; elapsed = 00:00:05 . Memory (MB): peak = 2451.746 ; gain = 43.945 ; free physical = 136 ; free virtual = 9461

Phase 2.5 Global Place Phase2
WARNING: [Place 46-29] Timing had been disabled during Placer and, therefore, physical synthesis in Placer will be skipped.
Phase 2.5 Global Place Phase2 | Checksum: 2c4bef962

Time (s): cpu = 00:00:07 ; elapsed = 00:00:05 . Memory (MB): peak = 2451.746 ; gain = 43.945 ; free physical = 134 ; free virtual = 9460
Phase 2 Global Placement | Checksum: 2c4bef962

Time (s): cpu = 00:00:07 ; elapsed = 00:00:05 . Memory (MB): peak = 2451.746 ; gain = 43.945 ; free physical = 134 ; free virtual = 9460

Phase 3 Detail Placement

Phase 3.1 Commit Multi Column Macros
Phase 3.1 Commit Multi Column Macros | Checksum: 2c4bef962

Time (s): cpu = 00:00:07 ; elapsed = 00:00:05 . Memory (MB): peak = 2451.746 ; gain = 43.945 ; free physical = 134 ; free virtual = 9460

Phase 3.2 Commit Most Macros & LUTRAMs
Phase 3.2 Commit Most Macros & LUTRAMs | Checksum: 241cc08e0

Time (s): cpu = 00:00:07 ; elapsed = 00:00:05 . Memory (MB): peak = 2451.746 ; gain = 43.945 ; free physical = 134 ; free virtual = 9460

Phase 3.3 Area Swap Optimization
Phase 3.3 Area Swap Optimization | Checksum: 2802c2ee9

Time (s): cpu = 00:00:07 ; elapsed = 00:00:05 . Memory (MB): peak = 2451.746 ; gain = 43.945 ; free physical = 134 ; free virtual = 9460

Phase 3.4 Pipeline Register Optimization
Phase 3.4 Pipeline Register Optimization | Checksum: 2802c2ee9

Time (s): cpu = 00:00:08 ; elapsed = 00:00:05 . Memory (MB): peak = 2451.746 ; gain = 43.945 ; free physical = 134 ; free virtual = 9460

Phase 3.5 Small Shape Detail Placement
Phase 3.5 Small Shape Detail Placement | Checksum: 1d4df3b4d

Time (s): cpu = 00:00:08 ; elapsed = 00:00:06 . Memory (MB): peak = 2460.305 ; gain = 52.504 ; free physical = 125 ; free virtual = 9452

Phase 3.6 Re-assign LUT pins
Phase 3.6 Re-assign LUT pins | Checksum: 1d4df3b4d

Time (s): cpu = 00:00:08 ; elapsed = 00:00:06 . Memory (MB): peak = 2460.305 ; gain = 52.504 ; free physical = 125 ; free virtual = 9452

Phase 3.7 Pipeline Register Optimization
Phase 3.7 Pipeline Register Optimization | Checksum: 1d4df3b4d

Time (s): cpu = 00:00:08 ; elapsed = 00:00:06 . Memory (MB): peak = 2460.305 ; gain = 52.504 ; free physical = 125 ; free virtual = 9452
Phase 3 Detail Placement | Checksum: 1d4df3b4d

Time (s): cpu = 00:00:08 ; elapsed = 00:00:06 . Memory (MB): peak = 2460.305 ; gain = 52.504 ; free physical = 125 ; free virtual = 9452

Phase 4 Post Placement Optimization and Clean-Up

Phase 4.1 Post Commit Optimization
Phase 4.1 Post Commit Optimization | Checksum: 1d4df3b4d

Time (s): cpu = 00:00:09 ; elapsed = 00:00:06 . Memory (MB): peak = 2460.305 ; gain = 52.504 ; free physical = 120 ; free virtual = 9451

Phase 4.2 Post Placement Cleanup
Phase 4.2 Post Placement Cleanup | Checksum: 1d4df3b4d

Time (s): cpu = 00:00:09 ; elapsed = 00:00:06 . Memory (MB): peak = 2460.305 ; gain = 52.504 ; free physical = 120 ; free virtual = 9451

Phase 4.3 Placer Reporting

Phase 4.3.1 Print Estimated Congestion
INFO: [Place 30-612] Post-Placement Estimated Congestion 
 ____________________________________________________
|           | Global Congestion | Short Congestion  |
| Direction | Region Size       | Region Size       |
|___________|___________________|___________________|
|      North|                1x1|                1x1|
|___________|___________________|___________________|
|      South|                1x1|                1x1|
|___________|___________________|___________________|
|       East|                1x1|                1x1|
|___________|___________________|___________________|
|       West|                1x1|                1x1|
|___________|___________________|___________________|

Phase 4.3.1 Print Estimated Congestion | Checksum: 1d4df3b4d

Time (s): cpu = 00:00:09 ; elapsed = 00:00:06 . Memory (MB): peak = 2460.305 ; gain = 52.504 ; free physical = 120 ; free virtual = 9451
Phase 4.3 Placer Reporting | Checksum: 1d4df3b4d

Time (s): cpu = 00:00:09 ; elapsed = 00:00:06 . Memory (MB): peak = 2460.305 ; gain = 52.504 ; free physical = 120 ; free virtual = 9451

Phase 4.4 Final Placement Cleanup
Netlist sorting complete. Time (s): cpu = 00:00:00 ; elapsed = 00:00:00 . Memory (MB): peak = 2460.305 ; gain = 0.000 ; free physical = 120 ; free virtual = 9451

Time (s): cpu = 00:00:09 ; elapsed = 00:00:06 . Memory (MB): peak = 2460.305 ; gain = 52.504 ; free physical = 120 ; free virtual = 9451
Phase 4 Post Placement Optimization and Clean-Up | Checksum: 1d4df3b4d

Time (s): cpu = 00:00:09 ; elapsed = 00:00:06 . Memory (MB): peak = 2460.305 ; gain = 52.504 ; free physical = 120 ; free virtual = 9451
Ending Placer Task | Checksum: 1c9dc6d4d

Time (s): cpu = 00:00:09 ; elapsed = 00:00:06 . Memory (MB): peak = 2460.305 ; gain = 52.504 ; free physical = 120 ; free virtual = 9451
45 Infos, 1 Warnings, 0 Critical Warnings and 0 Errors encountered.
place_design completed successfully
place_design: Time (s): cpu = 00:00:15 ; elapsed = 00:00:08 . Memory (MB): peak = 2460.305 ; gain = 52.504 ; free physical = 120 ; free virtual = 9452
INFO: [Vivado 12-24838] Running report commands "report_control_sets, report_io, report_utilization" in parallel.
Running report generation with 2 threads.
INFO: [Vivado 12-24828] Executing command : report_utilization -file mn_adder_wrapper_utilization_placed.rpt -pb mn_adder_wrapper_utilization_placed.pb
INFO: [Vivado 12-24828] Executing command : report_control_sets -verbose -file mn_adder_wrapper_control_sets_placed.rpt
report_control_sets: Time (s): cpu = 00:00:00.19 ; elapsed = 00:00:00.14 . Memory (MB): peak = 2460.305 ; gain = 0.000 ; free physical = 114 ; free virtual = 9428
INFO: [Vivado 12-24828] Executing command : report_io -file mn_adder_wrapper_io_placed.rpt
report_io: Time (s): cpu = 00:00:01 ; elapsed = 00:00:00.72 . Memory (MB): peak = 2460.305 ; gain = 0.000 ; free physical = 129 ; free virtual = 9435
Write ShapeDB Complete: Time (s): cpu = 00:00:00.14 ; elapsed = 00:00:00.04 . Memory (MB): peak = 2468.309 ; gain = 0.000 ; free physical = 129 ; free virtual = 9436
Wrote PlaceDB: Time (s): cpu = 00:00:00.16 ; elapsed = 00:00:00.05 . Memory (MB): peak = 2468.309 ; gain = 0.000 ; free physical = 129 ; free virtual = 9436
Wrote PulsedLatchDB: Time (s): cpu = 00:00:00 ; elapsed = 00:00:00 . Memory (MB): peak = 2468.309 ; gain = 0.000 ; free physical = 129 ; free virtual = 9436
Writing XDEF routing.
Writing XDEF routing logical nets.
Writing XDEF routing special nets.
Wrote RouteStorage: Time (s): cpu = 00:00:00.01 ; elapsed = 00:00:00.02 . Memory (MB): peak = 2468.309 ; gain = 0.000 ; free physical = 129 ; free virtual = 9437
Wrote Netlist Cache: Time (s): cpu = 00:00:00 ; elapsed = 00:00:00 . Memory (MB): peak = 2468.309 ; gain = 0.000 ; free physical = 129 ; free virtual = 9436
Wrote Device Cache: Time (s): cpu = 00:00:00 ; elapsed = 00:00:00.01 . Memory (MB): peak = 2468.309 ; gain = 0.000 ; free physical = 129 ; free virtual = 9437
Write Physdb Complete: Time (s): cpu = 00:00:00.17 ; elapsed = 00:00:00.08 . Memory (MB): peak = 2468.309 ; gain = 0.000 ; free physical = 129 ; free virtual = 9437
INFO: [Common 17-1381] The checkpoint '/home/abhijit/Desktop/delay_automation/design_sweep_runs/mn_adder_N128M0/mn_adder_N128M0.runs/impl_1/mn_adder_wrapper_placed.dcp' has been generated.
Command: phys_opt_design
Attempting to get a license for feature 'Implementation' and/or device 'xc7a200tl'
INFO: [Common 17-349] Got license for feature 'Implementation' and/or device 'xc7a200tl'

Starting Initial Update Timing Task

Time (s): cpu = 00:00:00.02 ; elapsed = 00:00:00.03 . Memory (MB): peak = 2468.309 ; gain = 0.000 ; free physical = 124 ; free virtual = 9431
INFO: [Vivado_Tcl 4-235] No timing constraint found. The netlist was not modified.
INFO: [Common 17-83] Releasing license: Implementation
53 Infos, 1 Warnings, 0 Critical Warnings and 0 Errors encountered.
phys_opt_design completed successfully
Write ShapeDB Complete: Time (s): cpu = 00:00:00.14 ; elapsed = 00:00:00.04 . Memory (MB): peak = 2489.613 ; gain = 9.430 ; free physical = 123 ; free virtual = 9431
Wrote PlaceDB: Time (s): cpu = 00:00:00.15 ; elapsed = 00:00:00.05 . Memory (MB): peak = 2489.613 ; gain = 9.430 ; free physical = 123 ; free virtual = 9431
Wrote PulsedLatchDB: Time (s): cpu = 00:00:00 ; elapsed = 00:00:00 . Memory (MB): peak = 2489.613 ; gain = 0.000 ; free physical = 123 ; free virtual = 9431
Writing XDEF routing.
Writing XDEF routing logical nets.
Writing XDEF routing special nets.
Wrote RouteStorage: Time (s): cpu = 00:00:00.02 ; elapsed = 00:00:00.02 . Memory (MB): peak = 2489.613 ; gain = 0.000 ; free physical = 123 ; free virtual = 9431
Wrote Netlist Cache: Time (s): cpu = 00:00:00 ; elapsed = 00:00:00 . Memory (MB): peak = 2489.613 ; gain = 0.000 ; free physical = 123 ; free virtual = 9431
Wrote Device Cache: Time (s): cpu = 00:00:00.01 ; elapsed = 00:00:00 . Memory (MB): peak = 2489.613 ; gain = 0.000 ; free physical = 123 ; free virtual = 9431
Write Physdb Complete: Time (s): cpu = 00:00:00.18 ; elapsed = 00:00:00.07 . Memory (MB): peak = 2489.613 ; gain = 9.430 ; free physical = 123 ; free virtual = 9431
INFO: [Common 17-1381] The checkpoint '/home/abhijit/Desktop/delay_automation/design_sweep_runs/mn_adder_N128M0/mn_adder_N128M0.runs/impl_1/mn_adder_wrapper_physopt.dcp' has been generated.
Command: route_design
Attempting to get a license for feature 'Implementation' and/or device 'xc7a200tl'
INFO: [Common 17-349] Got license for feature 'Implementation' and/or device 'xc7a200tl'


Starting Routing Task
INFO: [Route 35-254] Multithreading enabled for route_design using a maximum of 4 CPUs

Phase 1 Build RT Design
Checksum: PlaceDB: b614c23a ConstDB: 0 ShapeSum: 7bacbfaf RouteDB: 981aeb64
Post Restoration Checksum: NetGraph: 983fec59 | NumContArr: 450485d4 | Constraints: c2a8fa9d | Timing: c2a8fa9d
Phase 1 Build RT Design | Checksum: 262966767

Time (s): cpu = 00:01:30 ; elapsed = 00:01:16 . Memory (MB): peak = 2693.871 ; gain = 204.258 ; free physical = 114 ; free virtual = 9227

Phase 2 Router Initialization
INFO: [Route 35-64] No timing constraints were detected. The router will operate in resource-optimization mode.

Phase 2.1 Fix Topology Constraints
Phase 2.1 Fix Topology Constraints | Checksum: 262966767

Time (s): cpu = 00:01:30 ; elapsed = 00:01:16 . Memory (MB): peak = 2712.871 ; gain = 223.258 ; free physical = 116 ; free virtual = 9215

Phase 2.2 Pre Route Cleanup
Phase 2.2 Pre Route Cleanup | Checksum: 262966767

Time (s): cpu = 00:01:30 ; elapsed = 00:01:16 . Memory (MB): peak = 2712.871 ; gain = 223.258 ; free physical = 120 ; free virtual = 9215
 Number of Nodes with overlaps = 0

Router Utilization Summary
  Global Vertical Routing Utilization    = 0 %
  Global Horizontal Routing Utilization  = 0 %
  Routable Net Status*
  *Does not include unroutable nets such as driverless and loadless.
  Run report_route_status for detailed report.
  Number of Failed Nets               = 451
    (Failed Nets is the sum of unrouted and partially routed nets)
  Number of Unrouted Nets             = 451
  Number of Partially Routed Nets     = 0
  Number of Node Overlaps             = 0

Phase 2 Router Initialization | Checksum: 3451f4460

Time (s): cpu = 00:01:34 ; elapsed = 00:01:18 . Memory (MB): peak = 2769.238 ; gain = 279.625 ; free physical = 111 ; free virtual = 9158

Phase 3 Global Routing
Phase 3 Global Routing | Checksum: 3451f4460

Time (s): cpu = 00:01:34 ; elapsed = 00:01:18 . Memory (MB): peak = 2769.238 ; gain = 279.625 ; free physical = 111 ; free virtual = 9158

Phase 4 Initial Routing

Phase 4.1 Initial Net Routing Pass
Phase 4.1 Initial Net Routing Pass | Checksum: 209565c1a

Time (s): cpu = 00:01:37 ; elapsed = 00:01:18 . Memory (MB): peak = 2769.238 ; gain = 279.625 ; free physical = 131 ; free virtual = 9162
Phase 4 Initial Routing | Checksum: 209565c1a

Time (s): cpu = 00:01:37 ; elapsed = 00:01:18 . Memory (MB): peak = 2769.238 ; gain = 279.625 ; free physical = 131 ; free virtual = 9162

Phase 5 Rip-up And Reroute

Phase 5.1 Global Iteration 0
 Number of Nodes with overlaps = 0
Phase 5.1 Global Iteration 0 | Checksum: 24fa6a0bd

Time (s): cpu = 00:01:39 ; elapsed = 00:01:19 . Memory (MB): peak = 2769.238 ; gain = 279.625 ; free physical = 131 ; free virtual = 9162
Phase 5 Rip-up And Reroute | Checksum: 24fa6a0bd

Time (s): cpu = 00:01:39 ; elapsed = 00:01:19 . Memory (MB): peak = 2769.238 ; gain = 279.625 ; free physical = 131 ; free virtual = 9162

Phase 6 Delay and Skew Optimization
Phase 6 Delay and Skew Optimization | Checksum: 24fa6a0bd

Time (s): cpu = 00:01:39 ; elapsed = 00:01:19 . Memory (MB): peak = 2769.238 ; gain = 279.625 ; free physical = 131 ; free virtual = 9162

Phase 7 Post Hold Fix

Phase 7.1 Hold Fix Iter
Phase 7.1 Hold Fix Iter | Checksum: 24fa6a0bd

Time (s): cpu = 00:01:39 ; elapsed = 00:01:19 . Memory (MB): peak = 2769.238 ; gain = 279.625 ; free physical = 131 ; free virtual = 9162
Phase 7 Post Hold Fix | Checksum: 24fa6a0bd

Time (s): cpu = 00:01:39 ; elapsed = 00:01:19 . Memory (MB): peak = 2769.238 ; gain = 279.625 ; free physical = 131 ; free virtual = 9162

Phase 8 Route finalize

Router Utilization Summary
  Global Vertical Routing Utilization    = 1.36147 %
  Global Horizontal Routing Utilization  = 0.95195 %
  Routable Net Status*
  *Does not include unroutable nets such as driverless and loadless.
  Run report_route_status for detailed report.
  Number of Failed Nets               = 0
    (Failed Nets is the sum of unrouted and partially routed nets)
  Number of Unrouted Nets             = 0
  Number of Partially Routed Nets     = 0
  Number of Node Overlaps             = 0


--GLOBAL Congestion:
Utilization threshold used for congestion level computation: 0.85
Congestion Report
North Dir 1x1 Area, Max Cong = 46.8468%, No Congested Regions.
South Dir 1x1 Area, Max Cong = 62.1622%, No Congested Regions.
East Dir 1x1 Area, Max Cong = 20.5882%, No Congested Regions.
West Dir 1x1 Area, Max Cong = 35.2941%, No Congested Regions.

------------------------------
Reporting congestion hotspots
------------------------------
Direction: North
----------------
Congested clusters found at Level 0
Effective congestion level: 0 Aspect Ratio: 1 Sparse Ratio: 0
Direction: South
----------------
Congested clusters found at Level 0
Effective congestion level: 0 Aspect Ratio: 1 Sparse Ratio: 0
Direction: East
----------------
Congested clusters found at Level 0
Effective congestion level: 0 Aspect Ratio: 1 Sparse Ratio: 0
Direction: West
----------------
Congested clusters found at Level 0
Effective congestion level: 0 Aspect Ratio: 1 Sparse Ratio: 0

Phase 8 Route finalize | Checksum: 24fa6a0bd

Time (s): cpu = 00:01:39 ; elapsed = 00:01:19 . Memory (MB): peak = 2769.238 ; gain = 279.625 ; free physical = 131 ; free virtual = 9162

Phase 9 Verifying routed nets

 Verification completed successfully
Phase 9 Verifying routed nets | Checksum: 24fa6a0bd

Time (s): cpu = 00:01:39 ; elapsed = 00:01:19 . Memory (MB): peak = 2769.238 ; gain = 279.625 ; free physical = 130 ; free virtual = 9162

Phase 10 Depositing Routes
Phase 10 Depositing Routes | Checksum: 24fa6a0bd

Time (s): cpu = 00:01:39 ; elapsed = 00:01:19 . Memory (MB): peak = 2769.238 ; gain = 279.625 ; free physical = 130 ; free virtual = 9162

Phase 11 Post Process Routing
Phase 11 Post Process Routing | Checksum: 24fa6a0bd

Time (s): cpu = 00:01:39 ; elapsed = 00:01:19 . Memory (MB): peak = 2769.238 ; gain = 279.625 ; free physical = 130 ; free virtual = 9162
Total Elapsed time in route_design: 79.03 secs

Phase 12 Post-Route Event Processing
Phase 12 Post-Route Event Processing | Checksum: 1adb00338

Time (s): cpu = 00:01:39 ; elapsed = 00:01:19 . Memory (MB): peak = 2769.238 ; gain = 279.625 ; free physical = 130 ; free virtual = 9162
INFO: [Route 35-16] Router Completed Successfully
Ending Routing Task | Checksum: 1adb00338

Time (s): cpu = 00:01:39 ; elapsed = 00:01:19 . Memory (MB): peak = 2769.238 ; gain = 279.625 ; free physical = 130 ; free virtual = 9162

Routing Is Done.
INFO: [Common 17-83] Releasing license: Implementation
59 Infos, 1 Warnings, 0 Critical Warnings and 0 Errors encountered.
route_design completed successfully
route_design: Time (s): cpu = 00:01:39 ; elapsed = 00:01:19 . Memory (MB): peak = 2769.238 ; gain = 279.625 ; free physical = 130 ; free virtual = 9161
INFO: [Vivado 12-24828] Executing command : report_drc -file mn_adder_wrapper_drc_routed.rpt -pb mn_adder_wrapper_drc_routed.pb -rpx mn_adder_wrapper_drc_routed.rpx
Command: report_drc -file mn_adder_wrapper_drc_routed.rpt -pb mn_adder_wrapper_drc_routed.pb -rpx mn_adder_wrapper_drc_routed.rpx
INFO: [IP_Flow 19-1839] IP Catalog is up to date.
INFO: [DRC 23-27] Running DRC with 4 threads
INFO: [Vivado_Tcl 2-168] The results of DRC are in file /home/abhijit/Desktop/delay_automation/design_sweep_runs/mn_adder_N128M0/mn_adder_N128M0.runs/impl_1/mn_adder_wrapper_drc_routed.rpt.
report_drc completed successfully
INFO: [Vivado 12-24828] Executing command : report_methodology -file mn_adder_wrapper_methodology_drc_routed.rpt -pb mn_adder_wrapper_methodology_drc_routed.pb -rpx mn_adder_wrapper_methodology_drc_routed.rpx
Command: report_methodology -file mn_adder_wrapper_methodology_drc_routed.rpt -pb mn_adder_wrapper_methodology_drc_routed.pb -rpx mn_adder_wrapper_methodology_drc_routed.rpx
INFO: [Timing 38-35] Done setting XDC timing constraints.
INFO: [DRC 23-133] Running Methodology with 4 threads
INFO: [Vivado_Tcl 2-1520] The results of Report Methodology are in file /home/abhijit/Desktop/delay_automation/design_sweep_runs/mn_adder_N128M0/mn_adder_N128M0.runs/impl_1/mn_adder_wrapper_methodology_drc_routed.rpt.
report_methodology completed successfully
INFO: [Vivado 12-24828] Executing command : report_timing_summary -max_paths 10 -report_unconstrained -file mn_adder_wrapper_timing_summary_routed.rpt -pb mn_adder_wrapper_timing_summary_routed.pb -rpx mn_adder_wrapper_timing_summary_routed.rpx -warn_on_violation 
INFO: [Timing 38-35] Done setting XDC timing constraints.
INFO: [Timing 38-91] UpdateTimingParams: Speed grade: -2L, Delay Type: min_max.
INFO: [Timing 38-191] Multithreading enabled for timing update using a maximum of 4 CPUs
WARNING: [Timing 38-313] There are no user specified timing constraints. Timing constraints are needed for proper timing analysis.
INFO: [Vivado 12-24838] Running report commands "report_bus_skew, report_incremental_reuse, report_route_status" in parallel.
Running report generation with 2 threads.
INFO: [Vivado 12-24828] Executing command : report_route_status -file mn_adder_wrapper_route_status.rpt -pb mn_adder_wrapper_route_status.pb
INFO: [Vivado 12-24828] Executing command : report_incremental_reuse -file mn_adder_wrapper_incremental_reuse_routed.rpt
INFO: [Vivado_Tcl 4-1062] Incremental flow is disabled. No incremental reuse Info to report.
INFO: [Vivado 12-24828] Executing command : report_bus_skew -warn_on_violation -file mn_adder_wrapper_bus_skew_routed.rpt -pb mn_adder_wrapper_bus_skew_routed.pb -rpx mn_adder_wrapper_bus_skew_routed.rpx
INFO: [Timing 38-91] UpdateTimingParams: Speed grade: -2L, Delay Type: min_max.
INFO: [Timing 38-191] Multithreading enabled for timing update using a maximum of 4 CPUs
INFO: [Vivado 12-24828] Executing command : report_power -file mn_adder_wrapper_power_routed.rpt -pb mn_adder_wrapper_power_summary_routed.pb -rpx mn_adder_wrapper_power_routed.rpx
Command: report_power -file mn_adder_wrapper_power_routed.rpt -pb mn_adder_wrapper_power_summary_routed.pb -rpx mn_adder_wrapper_power_routed.rpx
WARNING: [Power 33-232] No user defined clocks were found in the design! Power estimation will be inaccurate until this is corrected.
Resolution: Please specify clocks using create_clock/create_generated_clock for sequential elements. For pure combinatorial circuits, please specify a virtual clock, otherwise the vectorless estimation might be inaccurate
Running Vector-less Activity Propagation...

Finished Running Vector-less Activity Propagation
79 Infos, 3 Warnings, 0 Critical Warnings and 0 Errors encountered.
report_power completed successfully
INFO: [Vivado 12-24828] Executing command : report_clock_utilization -file mn_adder_wrapper_clock_utilization_routed.rpt
generate_parallel_reports: Time (s): cpu = 00:00:26 ; elapsed = 00:00:10 . Memory (MB): peak = 2819.000 ; gain = 49.762 ; free physical = 118 ; free virtual = 9114
Write ShapeDB Complete: Time (s): cpu = 00:00:00.13 ; elapsed = 00:00:00.04 . Memory (MB): peak = 2819.000 ; gain = 0.000 ; free physical = 118 ; free virtual = 9114
Wrote PlaceDB: Time (s): cpu = 00:00:00.15 ; elapsed = 00:00:00.05 . Memory (MB): peak = 2819.000 ; gain = 0.000 ; free physical = 118 ; free virtual = 9114
Wrote PulsedLatchDB: Time (s): cpu = 00:00:00 ; elapsed = 00:00:00 . Memory (MB): peak = 2819.000 ; gain = 0.000 ; free physical = 118 ; free virtual = 9114
Writing XDEF routing.
Writing XDEF routing logical nets.
Writing XDEF routing special nets.
Wrote RouteStorage: Time (s): cpu = 00:00:00.04 ; elapsed = 00:00:00.04 . Memory (MB): peak = 2819.000 ; gain = 0.000 ; free physical = 117 ; free virtual = 9113
Wrote Netlist Cache: Time (s): cpu = 00:00:00 ; elapsed = 00:00:00 . Memory (MB): peak = 2819.000 ; gain = 0.000 ; free physical = 117 ; free virtual = 9113
Wrote Device Cache: Time (s): cpu = 00:00:00.01 ; elapsed = 00:00:00.01 . Memory (MB): peak = 2819.000 ; gain = 0.000 ; free physical = 117 ; free virtual = 9114
Write Physdb Complete: Time (s): cpu = 00:00:00.2 ; elapsed = 00:00:00.1 . Memory (MB): peak = 2819.000 ; gain = 0.000 ; free physical = 117 ; free virtual = 9114
INFO: [Common 17-1381] The checkpoint '/home/abhijit/Desktop/delay_automation/design_sweep_runs/mn_adder_N128M0/mn_adder_N128M0.runs/impl_1/mn_adder_wrapper_routed.dcp' has been generated.
INFO: [Common 17-206] Exiting Vivado at Mon Jun  9 17:59:32 2025...
[Mon Jun  9 17:59:38 2025] impl_1 finished
wait_on_runs: Time (s): cpu = 00:00:02 ; elapsed = 00:02:22 . Memory (MB): peak = 1367.320 ; gain = 0.000 ; free physical = 1851 ; free virtual = 10830

Synthesis completed successfully for N=128, M=0



Running synthesis for N=128 and M=2

All modules generated successfully


WARNING: [Vivado 12-7122] Auto Incremental Compile:: No reference checkpoint was found in run synth_1. Auto-incremental flow will not be run, the standard flow will be run instead.
[Mon Jun  9 17:59:40 2025] Launched synth_1...
Run output will be captured here: /home/abhijit/Desktop/delay_automation/design_sweep_runs/mn_adder_N128M2/mn_adder_N128M2.runs/synth_1/runme.log
[Mon Jun  9 17:59:40 2025] Waiting for synth_1 to finish...

*** Running vivado
    with args -log mn_adder_wrapper.vds -m64 -product Vivado -mode batch -messageDb vivado.pb -notrace -source mn_adder_wrapper.tcl


****** Vivado v2024.2 (64-bit)
  **** SW Build 5239630 on Fri Nov 08 22:34:34 MST 2024
  **** IP Build 5239520 on Sun Nov 10 16:12:51 MST 2024
  **** SharedData Build 5239561 on Fri Nov 08 14:39:27 MST 2024
  **** Start of session at: Mon Jun  9 17:59:45 2025
    ** Copyright 1986-2022 Xilinx, Inc. All Rights Reserved.
    ** Copyright 2022-2024 Advanced Micro Devices, Inc. All Rights Reserved.

source mn_adder_wrapper.tcl -notrace
Command: synth_design -top mn_adder_wrapper -part xc7a200tlffv1156-2L
Starting synth_design
Attempting to get a license for feature 'Synthesis' and/or device 'xc7a200tl'
INFO: [Common 17-349] Got license for feature 'Synthesis' and/or device 'xc7a200tl'
INFO: [Synth 8-7079] Multithreading enabled for synth_design using a maximum of 7 processes.
INFO: [Synth 8-7078] Launching helper process for spawning children vivado processes
INFO: [Synth 8-7075] Helper process launched with PID 17542
---------------------------------------------------------------------------------
Starting Synthesize : Time (s): cpu = 00:00:06 ; elapsed = 00:00:07 . Memory (MB): peak = 1723.309 ; gain = 322.855 ; free physical = 824 ; free virtual = 9899
---------------------------------------------------------------------------------
INFO: [Synth 8-6157] synthesizing module 'mn_adder_wrapper' [/home/abhijit/Desktop/delay_automation/design_sweep_runs/mn_adder_N128M2/design_modules/adder_wrapper.v:3]
INFO: [Synth 8-6157] synthesizing module 'mn_adder' [/home/abhijit/Desktop/delay_automation/design_sweep_runs/mn_adder_N128M2/design_modules/mn_adder.v:2]
	Parameter N bound to: 128 - type: integer 
	Parameter M bound to: 2 - type: integer 
INFO: [Synth 8-6157] synthesizing module 'RCA' [/home/abhijit/Desktop/delay_automation/design_sweep_runs/mn_adder_N128M2/design_modules/RCA.v:2]
	Parameter M bound to: 2 - type: integer 
	Parameter K bound to: 126 - type: integer 
INFO: [Synth 8-6157] synthesizing module 'LUT6' [/home/abhijit/Xilinx/Vivado/2024.2/scripts/rt/data/unisim_comp.v:84297]
	Parameter INIT bound to: 64'b0000000000000000000000000000000000000000000000000000000000000110 
INFO: [Synth 8-6155] done synthesizing module 'LUT6' (0#1) [/home/abhijit/Xilinx/Vivado/2024.2/scripts/rt/data/unisim_comp.v:84297]
INFO: [Synth 8-6157] synthesizing module 'CARRY4' [/home/abhijit/Xilinx/Vivado/2024.2/scripts/rt/data/unisim_comp.v:3092]
INFO: [Synth 8-6155] done synthesizing module 'CARRY4' (0#1) [/home/abhijit/Xilinx/Vivado/2024.2/scripts/rt/data/unisim_comp.v:3092]
INFO: [Synth 8-6155] done synthesizing module 'RCA' (0#1) [/home/abhijit/Desktop/delay_automation/design_sweep_runs/mn_adder_N128M2/design_modules/RCA.v:2]
INFO: [Synth 8-6157] synthesizing module 'compressed_adder' [/home/abhijit/Desktop/delay_automation/design_sweep_runs/mn_adder_N128M2/design_modules/compressed_adder.v:2]
	Parameter K bound to: 126 - type: integer 
INFO: [Synth 8-6157] synthesizing module 'LUT6_2' [/home/abhijit/Xilinx/Vivado/2024.2/scripts/rt/data/unisim_comp.v:84343]
	Parameter INIT bound to: 64'b1110000100011110100001110111100010011001100110010110011001100110 
INFO: [Synth 8-6155] done synthesizing module 'LUT6_2' (0#1) [/home/abhijit/Xilinx/Vivado/2024.2/scripts/rt/data/unisim_comp.v:84343]
INFO: [Synth 8-6155] done synthesizing module 'compressed_adder' (0#1) [/home/abhijit/Desktop/delay_automation/design_sweep_runs/mn_adder_N128M2/design_modules/compressed_adder.v:2]
INFO: [Synth 8-6157] synthesizing module 'carry_compressor' [/home/abhijit/Desktop/delay_automation/design_sweep_runs/mn_adder_N128M2/design_modules/carry_compressor.v:3]
	Parameter K bound to: 126 - type: integer 
INFO: [Synth 8-6157] synthesizing module 'LUT6_2__parameterized0' [/home/abhijit/Xilinx/Vivado/2024.2/scripts/rt/data/unisim_comp.v:84343]
	Parameter INIT bound to: 64'b0000000000000000000001100110000000000000000000001111101010100000 
INFO: [Synth 8-6155] done synthesizing module 'LUT6_2__parameterized0' (0#1) [/home/abhijit/Xilinx/Vivado/2024.2/scripts/rt/data/unisim_comp.v:84343]
INFO: [Synth 8-6155] done synthesizing module 'carry_compressor' (0#1) [/home/abhijit/Desktop/delay_automation/design_sweep_runs/mn_adder_N128M2/design_modules/carry_compressor.v:3]
INFO: [Synth 8-6155] done synthesizing module 'mn_adder' (0#1) [/home/abhijit/Desktop/delay_automation/design_sweep_runs/mn_adder_N128M2/design_modules/mn_adder.v:2]
INFO: [Synth 8-6155] done synthesizing module 'mn_adder_wrapper' (0#1) [/home/abhijit/Desktop/delay_automation/design_sweep_runs/mn_adder_N128M2/design_modules/adder_wrapper.v:3]
WARNING: [Synth 8-3848] Net dummyDI in module/entity RCA does not have driver. [/home/abhijit/Desktop/delay_automation/design_sweep_runs/mn_adder_N128M2/design_modules/RCA.v:22]
WARNING: [Synth 8-3848] Net dummyS in module/entity RCA does not have driver. [/home/abhijit/Desktop/delay_automation/design_sweep_runs/mn_adder_N128M2/design_modules/RCA.v:22]
WARNING: [Synth 8-7129] Port group_carry[62] in module compressed_adder is either unconnected or has no load
---------------------------------------------------------------------------------
Finished Synthesize : Time (s): cpu = 00:00:08 ; elapsed = 00:00:09 . Memory (MB): peak = 1796.246 ; gain = 395.793 ; free physical = 730 ; free virtual = 9806
---------------------------------------------------------------------------------
---------------------------------------------------------------------------------
Finished Constraint Validation : Time (s): cpu = 00:00:10 ; elapsed = 00:00:10 . Memory (MB): peak = 1814.059 ; gain = 413.605 ; free physical = 726 ; free virtual = 9803
---------------------------------------------------------------------------------
---------------------------------------------------------------------------------
Start Loading Part and Timing Information
---------------------------------------------------------------------------------
Loading part: xc7a200tlffv1156-2L
INFO: [Device 21-403] Loading part xc7a200tlffv1156-2L
---------------------------------------------------------------------------------
Finished Loading Part and Timing Information : Time (s): cpu = 00:00:10 ; elapsed = 00:00:10 . Memory (MB): peak = 1822.062 ; gain = 421.609 ; free physical = 725 ; free virtual = 9802
---------------------------------------------------------------------------------
---------------------------------------------------------------------------------
Finished RTL Optimization Phase 2 : Time (s): cpu = 00:00:10 ; elapsed = 00:00:10 . Memory (MB): peak = 1828.000 ; gain = 427.547 ; free physical = 717 ; free virtual = 9795
---------------------------------------------------------------------------------
No constraint files found.
---------------------------------------------------------------------------------
Start RTL Component Statistics 
---------------------------------------------------------------------------------
Detailed RTL Component Info : 
+---Registers : 
	                1 Bit    Registers := 3     
---------------------------------------------------------------------------------
Finished RTL Component Statistics 
---------------------------------------------------------------------------------
---------------------------------------------------------------------------------
Start Part Resource Summary
---------------------------------------------------------------------------------
Part Resources:
DSPs: 740 (col length:100)
BRAMs: 730 (col length: RAMB18 100 RAMB36 50)
---------------------------------------------------------------------------------
Finished Part Resource Summary
---------------------------------------------------------------------------------
No constraint files found.
---------------------------------------------------------------------------------
Start Cross Boundary and Area Optimization
---------------------------------------------------------------------------------
WARNING: [Synth 8-7080] Parallel synthesis criteria is not met
WARNING: [Synth 8-7129] Port group_carry[62] in module compressed_adder is either unconnected or has no load
---------------------------------------------------------------------------------
Finished Cross Boundary and Area Optimization : Time (s): cpu = 00:00:16 ; elapsed = 00:00:17 . Memory (MB): peak = 1930.812 ; gain = 530.359 ; free physical = 577 ; free virtual = 9663
---------------------------------------------------------------------------------
No constraint files found.
---------------------------------------------------------------------------------
Start Timing Optimization
---------------------------------------------------------------------------------
---------------------------------------------------------------------------------
Finished Timing Optimization : Time (s): cpu = 00:00:16 ; elapsed = 00:00:17 . Memory (MB): peak = 1954.625 ; gain = 554.172 ; free physical = 567 ; free virtual = 9654
---------------------------------------------------------------------------------
---------------------------------------------------------------------------------
Start Technology Mapping
---------------------------------------------------------------------------------
---------------------------------------------------------------------------------
Finished Technology Mapping : Time (s): cpu = 00:00:17 ; elapsed = 00:00:17 . Memory (MB): peak = 1954.625 ; gain = 554.172 ; free physical = 563 ; free virtual = 9649
---------------------------------------------------------------------------------
---------------------------------------------------------------------------------
Start IO Insertion
---------------------------------------------------------------------------------
---------------------------------------------------------------------------------
Start Flattening Before IO Insertion
---------------------------------------------------------------------------------
---------------------------------------------------------------------------------
Finished Flattening Before IO Insertion
---------------------------------------------------------------------------------
---------------------------------------------------------------------------------
Start Final Netlist Cleanup
---------------------------------------------------------------------------------
---------------------------------------------------------------------------------
Finished Final Netlist Cleanup
---------------------------------------------------------------------------------
---------------------------------------------------------------------------------
Finished IO Insertion : Time (s): cpu = 00:00:22 ; elapsed = 00:00:23 . Memory (MB): peak = 2108.438 ; gain = 707.984 ; free physical = 427 ; free virtual = 9513
---------------------------------------------------------------------------------
---------------------------------------------------------------------------------
Start Renaming Generated Instances
---------------------------------------------------------------------------------
---------------------------------------------------------------------------------
Finished Renaming Generated Instances : Time (s): cpu = 00:00:22 ; elapsed = 00:00:23 . Memory (MB): peak = 2108.438 ; gain = 707.984 ; free physical = 427 ; free virtual = 9513
---------------------------------------------------------------------------------
---------------------------------------------------------------------------------
Start Rebuilding User Hierarchy
---------------------------------------------------------------------------------
---------------------------------------------------------------------------------
Finished Rebuilding User Hierarchy : Time (s): cpu = 00:00:22 ; elapsed = 00:00:23 . Memory (MB): peak = 2108.438 ; gain = 707.984 ; free physical = 426 ; free virtual = 9513
---------------------------------------------------------------------------------
---------------------------------------------------------------------------------
Start Renaming Generated Ports
---------------------------------------------------------------------------------
---------------------------------------------------------------------------------
Finished Renaming Generated Ports : Time (s): cpu = 00:00:22 ; elapsed = 00:00:23 . Memory (MB): peak = 2108.438 ; gain = 707.984 ; free physical = 426 ; free virtual = 9513
---------------------------------------------------------------------------------
---------------------------------------------------------------------------------
Start Handling Custom Attributes
---------------------------------------------------------------------------------
---------------------------------------------------------------------------------
Finished Handling Custom Attributes : Time (s): cpu = 00:00:22 ; elapsed = 00:00:23 . Memory (MB): peak = 2108.438 ; gain = 707.984 ; free physical = 426 ; free virtual = 9513
---------------------------------------------------------------------------------
---------------------------------------------------------------------------------
Start Renaming Generated Nets
---------------------------------------------------------------------------------
---------------------------------------------------------------------------------
Finished Renaming Generated Nets : Time (s): cpu = 00:00:22 ; elapsed = 00:00:23 . Memory (MB): peak = 2108.438 ; gain = 707.984 ; free physical = 426 ; free virtual = 9513
---------------------------------------------------------------------------------
---------------------------------------------------------------------------------
Start Writing Synthesis Report
---------------------------------------------------------------------------------

Report BlackBoxes: 
+-+--------------+----------+
| |BlackBox name |Instances |
+-+--------------+----------+
+-+--------------+----------+

Report Cell Usage: 
+------+-------+------+
|      |Cell   |Count |
+------+-------+------+
|1     |BUFG   |     1|
|2     |CARRY4 |    17|
|3     |LUT6   |   128|
|5     |FDRE   |     3|
|6     |IBUF   |   259|
|7     |OBUF   |   129|
+------+-------+------+

Report Instance Areas: 
+------+--------------------------+-----------------+------+
|      |Instance                  |Module           |Cells |
+------+--------------------------+-----------------+------+
|1     |top                       |                 |   537|
|2     |  adder_inst              |mn_adder         |   145|
|3     |    RCA_inst              |RCA              |     2|
|4     |    compressed_adder_inst |compressed_adder |    63|
|5     |    CC_inst               |carry_compressor |    80|
+------+--------------------------+-----------------+------+
---------------------------------------------------------------------------------
Finished Writing Synthesis Report : Time (s): cpu = 00:00:22 ; elapsed = 00:00:23 . Memory (MB): peak = 2108.438 ; gain = 707.984 ; free physical = 426 ; free virtual = 9513
---------------------------------------------------------------------------------
Synthesis finished with 0 errors, 0 critical warnings and 5 warnings.
Synthesis Optimization Runtime : Time (s): cpu = 00:00:22 ; elapsed = 00:00:23 . Memory (MB): peak = 2108.438 ; gain = 707.984 ; free physical = 426 ; free virtual = 9513
Synthesis Optimization Complete : Time (s): cpu = 00:00:22 ; elapsed = 00:00:23 . Memory (MB): peak = 2108.445 ; gain = 707.984 ; free physical = 426 ; free virtual = 9513
INFO: [Project 1-571] Translating synthesized netlist
Netlist sorting complete. Time (s): cpu = 00:00:00.01 ; elapsed = 00:00:00.01 . Memory (MB): peak = 2122.312 ; gain = 0.000 ; free physical = 574 ; free virtual = 9661
INFO: [Netlist 29-17] Analyzing 143 Unisim elements for replacement
INFO: [Netlist 29-28] Unisim Transformation completed in 0 CPU seconds
INFO: [Project 1-570] Preparing netlist for logic optimization
INFO: [Opt 31-138] Pushed 0 inverter(s) to 0 load pin(s).
Netlist sorting complete. Time (s): cpu = 00:00:00 ; elapsed = 00:00:00 . Memory (MB): peak = 2227.844 ; gain = 0.000 ; free physical = 471 ; free virtual = 9558
INFO: [Project 1-111] Unisim Transformation Summary:
  A total of 126 instances were transformed.
  LUT6_2 => LUT6_2 (LUT5, LUT6): 126 instances

Synth Design complete | Checksum: dc68887c
INFO: [Common 17-83] Releasing license: Synthesis
30 Infos, 5 Warnings, 0 Critical Warnings and 0 Errors encountered.
synth_design completed successfully
synth_design: Time (s): cpu = 00:00:33 ; elapsed = 00:00:29 . Memory (MB): peak = 2227.844 ; gain = 827.398 ; free physical = 471 ; free virtual = 9558
INFO: [Common 17-2834] synth_design peak Physical Memory [PSS] (MB): overall = 1547.646; main = 1511.311; forked = 276.705
INFO: [Common 17-2834] synth_design peak Virtual Memory [VSS] (MB): overall = 2946.414; main = 2227.848; forked = 914.785
Write ShapeDB Complete: Time (s): cpu = 00:00:00.07 ; elapsed = 00:00:00.03 . Memory (MB): peak = 2251.855 ; gain = 0.000 ; free physical = 470 ; free virtual = 9559
INFO: [Common 17-1381] The checkpoint '/home/abhijit/Desktop/delay_automation/design_sweep_runs/mn_adder_N128M2/mn_adder_N128M2.runs/synth_1/mn_adder_wrapper.dcp' has been generated.
INFO: [Vivado 12-24828] Executing command : report_utilization -file mn_adder_wrapper_utilization_synth.rpt -pb mn_adder_wrapper_utilization_synth.pb
INFO: [Common 17-206] Exiting Vivado at Mon Jun  9 18:00:21 2025...
[Mon Jun  9 18:00:22 2025] synth_1 finished
wait_on_runs: Time (s): cpu = 00:00:46 ; elapsed = 00:00:42 . Memory (MB): peak = 1367.320 ; gain = 0.000 ; free physical = 1731 ; free virtual = 10814
[Mon Jun  9 18:00:22 2025] Launched impl_1...
Run output will be captured here: /home/abhijit/Desktop/delay_automation/design_sweep_runs/mn_adder_N128M2/mn_adder_N128M2.runs/impl_1/runme.log
[Mon Jun  9 18:00:22 2025] Waiting for impl_1 to finish...

*** Running vivado
    with args -log mn_adder_wrapper.vdi -applog -m64 -product Vivado -messageDb vivado.pb -mode batch -source mn_adder_wrapper.tcl -notrace


****** Vivado v2024.2 (64-bit)
  **** SW Build 5239630 on Fri Nov 08 22:34:34 MST 2024
  **** IP Build 5239520 on Sun Nov 10 16:12:51 MST 2024
  **** SharedData Build 5239561 on Fri Nov 08 14:39:27 MST 2024
  **** Start of session at: Mon Jun  9 18:00:27 2025
    ** Copyright 1986-2022 Xilinx, Inc. All Rights Reserved.
    ** Copyright 2022-2024 Advanced Micro Devices, Inc. All Rights Reserved.

source mn_adder_wrapper.tcl -notrace
Command: link_design -top mn_adder_wrapper -part xc7a200tlffv1156-2L
Design is defaulting to srcset: sources_1
Design is defaulting to constrset: constrs_1
INFO: [Device 21-403] Loading part xc7a200tlffv1156-2L
Netlist sorting complete. Time (s): cpu = 00:00:00.01 ; elapsed = 00:00:00 . Memory (MB): peak = 1507.602 ; gain = 0.000 ; free physical = 1191 ; free virtual = 10284
INFO: [Netlist 29-17] Analyzing 143 Unisim elements for replacement
INFO: [Netlist 29-28] Unisim Transformation completed in 0 CPU seconds
INFO: [Project 1-479] Netlist was created with Vivado 2024.2
INFO: [Project 1-570] Preparing netlist for logic optimization
Read ShapeDB Complete: Time (s): cpu = 00:00:00.02 ; elapsed = 00:00:00.03 . Memory (MB): peak = 1564.477 ; gain = 1.000 ; free physical = 1103 ; free virtual = 10196
Netlist sorting complete. Time (s): cpu = 00:00:00 ; elapsed = 00:00:00 . Memory (MB): peak = 1566.477 ; gain = 0.000 ; free physical = 1102 ; free virtual = 10195
INFO: [Project 1-111] Unisim Transformation Summary:
  A total of 126 instances were transformed.
  LUT6_2 => LUT6_2 (LUT5, LUT6): 126 instances

6 Infos, 0 Warnings, 0 Critical Warnings and 0 Errors encountered.
link_design completed successfully
link_design: Time (s): cpu = 00:00:07 ; elapsed = 00:00:07 . Memory (MB): peak = 1566.477 ; gain = 199.227 ; free physical = 1102 ; free virtual = 10195
Command: opt_design
Attempting to get a license for feature 'Implementation' and/or device 'xc7a200tl'
INFO: [Common 17-349] Got license for feature 'Implementation' and/or device 'xc7a200tl'
Running DRC as a precondition to command opt_design

Starting DRC Task
INFO: [DRC 23-27] Running DRC with 4 threads
INFO: [Project 1-461] DRC finished with 0 Errors
INFO: [Project 1-462] Please refer to the DRC report (report_drc) for more information.

Time (s): cpu = 00:00:04 ; elapsed = 00:00:01 . Memory (MB): peak = 1734.602 ; gain = 168.125 ; free physical = 1040 ; free virtual = 10133

Starting Cache Timing Information Task
INFO: [Timing 38-35] Done setting XDC timing constraints.
Ending Cache Timing Information Task | Checksum: 233c8fe8a

Time (s): cpu = 00:00:10 ; elapsed = 00:00:10 . Memory (MB): peak = 2039.773 ; gain = 305.172 ; free physical = 812 ; free virtual = 9906

Starting Logic Optimization Task

Phase 1 Initialization

Phase 1.1 Core Generation And Design Setup
Phase 1.1 Core Generation And Design Setup | Checksum: 233c8fe8a

Time (s): cpu = 00:00:00.01 ; elapsed = 00:00:00.01 . Memory (MB): peak = 2376.578 ; gain = 0.000 ; free physical = 477 ; free virtual = 9571

Phase 1.2 Setup Constraints And Sort Netlist
Phase 1.2 Setup Constraints And Sort Netlist | Checksum: 233c8fe8a

Time (s): cpu = 00:00:00.01 ; elapsed = 00:00:00.01 . Memory (MB): peak = 2376.578 ; gain = 0.000 ; free physical = 477 ; free virtual = 9571
Phase 1 Initialization | Checksum: 233c8fe8a

Time (s): cpu = 00:00:00.01 ; elapsed = 00:00:00.01 . Memory (MB): peak = 2376.578 ; gain = 0.000 ; free physical = 477 ; free virtual = 9571

Phase 2 Timer Update And Timing Data Collection

Phase 2.1 Timer Update
Phase 2.1 Timer Update | Checksum: 233c8fe8a

Time (s): cpu = 00:00:00.04 ; elapsed = 00:00:00.03 . Memory (MB): peak = 2376.578 ; gain = 0.000 ; free physical = 477 ; free virtual = 9571

Phase 2.2 Timing Data Collection
Phase 2.2 Timing Data Collection | Checksum: 233c8fe8a

Time (s): cpu = 00:00:00.05 ; elapsed = 00:00:00.04 . Memory (MB): peak = 2376.578 ; gain = 0.000 ; free physical = 477 ; free virtual = 9571
Phase 2 Timer Update And Timing Data Collection | Checksum: 233c8fe8a

Time (s): cpu = 00:00:00.05 ; elapsed = 00:00:00.04 . Memory (MB): peak = 2376.578 ; gain = 0.000 ; free physical = 477 ; free virtual = 9571

Phase 3 Retarget
INFO: [Opt 31-1851] Number of loadless carry chains removed were: 0
INFO: [Opt 31-1834] Total Chains To Be Transformed Were: 0 AND Number of Transformed insts Created are: 0
INFO: [Opt 31-138] Pushed 0 inverter(s) to 0 load pin(s).
INFO: [Opt 31-49] Retargeted 0 cell(s).
Phase 3 Retarget | Checksum: 233c8fe8a

Time (s): cpu = 00:00:00.11 ; elapsed = 00:00:00.1 . Memory (MB): peak = 2376.578 ; gain = 0.000 ; free physical = 475 ; free virtual = 9569
Retarget | Checksum: 233c8fe8a
INFO: [Opt 31-389] Phase Retarget created 0 cells and removed 0 cells

Phase 4 Constant propagation
INFO: [Opt 31-138] Pushed 0 inverter(s) to 0 load pin(s).
Phase 4 Constant propagation | Checksum: 233c8fe8a

Time (s): cpu = 00:00:00.12 ; elapsed = 00:00:00.11 . Memory (MB): peak = 2376.578 ; gain = 0.000 ; free physical = 475 ; free virtual = 9569
Constant propagation | Checksum: 233c8fe8a
INFO: [Opt 31-389] Phase Constant propagation created 0 cells and removed 0 cells

Phase 5 Sweep
INFO: [Constraints 18-11670] Building netlist checker database with flags, 0x8
Done building netlist checker database: Time (s): cpu = 00:00:00 ; elapsed = 00:00:00 . Memory (MB): peak = 2376.578 ; gain = 0.000 ; free physical = 475 ; free virtual = 9569
INFO: [Constraints 18-11670] Building netlist checker database with flags, 0x8
Done building netlist checker database: Time (s): cpu = 00:00:00 ; elapsed = 00:00:00 . Memory (MB): peak = 2376.578 ; gain = 0.000 ; free physical = 475 ; free virtual = 9569
Phase 5 Sweep | Checksum: 1dbedf02d

Time (s): cpu = 00:00:00.13 ; elapsed = 00:00:00.12 . Memory (MB): peak = 2376.578 ; gain = 0.000 ; free physical = 475 ; free virtual = 9569
Sweep | Checksum: 1dbedf02d
INFO: [Opt 31-389] Phase Sweep created 0 cells and removed 0 cells

Phase 6 BUFG optimization
Phase 6 BUFG optimization | Checksum: 1dbedf02d

Time (s): cpu = 00:00:00.16 ; elapsed = 00:00:00.14 . Memory (MB): peak = 2408.594 ; gain = 32.016 ; free physical = 475 ; free virtual = 9569
BUFG optimization | Checksum: 1dbedf02d
INFO: [Opt 31-662] Phase BUFG optimization created 0 cells of which 0 are BUFGs and removed 0 cells.

Phase 7 Shift Register Optimization
INFO: [Opt 31-1064] SRL Remap converted 0 SRLs to 0 registers and converted 0 registers of register chains to 0 SRLs
Phase 7 Shift Register Optimization | Checksum: 1dbedf02d

Time (s): cpu = 00:00:00.17 ; elapsed = 00:00:00.14 . Memory (MB): peak = 2408.594 ; gain = 32.016 ; free physical = 475 ; free virtual = 9569
Shift Register Optimization | Checksum: 1dbedf02d
INFO: [Opt 31-389] Phase Shift Register Optimization created 0 cells and removed 0 cells

Phase 8 Post Processing Netlist
Phase 8 Post Processing Netlist | Checksum: 1dbedf02d

Time (s): cpu = 00:00:00.18 ; elapsed = 00:00:00.15 . Memory (MB): peak = 2408.594 ; gain = 32.016 ; free physical = 475 ; free virtual = 9569
Post Processing Netlist | Checksum: 1dbedf02d
INFO: [Opt 31-389] Phase Post Processing Netlist created 0 cells and removed 0 cells

Phase 9 Finalization

Phase 9.1 Finalizing Design Cores and Updating Shapes
Phase 9.1 Finalizing Design Cores and Updating Shapes | Checksum: 24fb26833

Time (s): cpu = 00:00:00.57 ; elapsed = 00:00:00.54 . Memory (MB): peak = 2408.594 ; gain = 32.016 ; free physical = 475 ; free virtual = 9569

Phase 9.2 Verifying Netlist Connectivity

Starting Connectivity Check Task

Time (s): cpu = 00:00:00 ; elapsed = 00:00:00 . Memory (MB): peak = 2408.594 ; gain = 0.000 ; free physical = 475 ; free virtual = 9569
Phase 9.2 Verifying Netlist Connectivity | Checksum: 24fb26833

Time (s): cpu = 00:00:00.57 ; elapsed = 00:00:00.54 . Memory (MB): peak = 2408.594 ; gain = 32.016 ; free physical = 475 ; free virtual = 9569
Phase 9 Finalization | Checksum: 24fb26833

Time (s): cpu = 00:00:00.58 ; elapsed = 00:00:00.54 . Memory (MB): peak = 2408.594 ; gain = 32.016 ; free physical = 475 ; free virtual = 9569
Opt_design Change Summary
=========================


-------------------------------------------------------------------------------------------------------------------------
|  Phase                        |  #Cells created  |  #Cells Removed  |  #Constrained objects preventing optimizations  |
-------------------------------------------------------------------------------------------------------------------------
|  Retarget                     |               0  |               0  |                                              0  |
|  Constant propagation         |               0  |               0  |                                              0  |
|  Sweep                        |               0  |               0  |                                              0  |
|  BUFG optimization            |               0  |               0  |                                              0  |
|  Shift Register Optimization  |               0  |               0  |                                              0  |
|  Post Processing Netlist      |               0  |               0  |                                              0  |
-------------------------------------------------------------------------------------------------------------------------


Ending Logic Optimization Task | Checksum: 24fb26833

Time (s): cpu = 00:00:00.58 ; elapsed = 00:00:00.55 . Memory (MB): peak = 2408.594 ; gain = 32.016 ; free physical = 475 ; free virtual = 9569

Starting Power Optimization Task
INFO: [Pwropt 34-132] Skipping clock gating for clocks with a period < 2.00 ns.
Ending Power Optimization Task | Checksum: 24fb26833

Time (s): cpu = 00:00:00.01 ; elapsed = 00:00:00.01 . Memory (MB): peak = 2408.594 ; gain = 0.000 ; free physical = 475 ; free virtual = 9569

Starting Final Cleanup Task
Ending Final Cleanup Task | Checksum: 24fb26833

Time (s): cpu = 00:00:00.01 ; elapsed = 00:00:00 . Memory (MB): peak = 2408.594 ; gain = 0.000 ; free physical = 475 ; free virtual = 9569

Starting Netlist Obfuscation Task
Netlist sorting complete. Time (s): cpu = 00:00:00 ; elapsed = 00:00:00 . Memory (MB): peak = 2408.594 ; gain = 0.000 ; free physical = 475 ; free virtual = 9569
Ending Netlist Obfuscation Task | Checksum: 24fb26833

Time (s): cpu = 00:00:00 ; elapsed = 00:00:00 . Memory (MB): peak = 2408.594 ; gain = 0.000 ; free physical = 475 ; free virtual = 9569
INFO: [Common 17-83] Releasing license: Implementation
27 Infos, 0 Warnings, 0 Critical Warnings and 0 Errors encountered.
opt_design completed successfully
opt_design: Time (s): cpu = 00:00:18 ; elapsed = 00:00:16 . Memory (MB): peak = 2408.594 ; gain = 842.117 ; free physical = 475 ; free virtual = 9569
INFO: [Vivado 12-24828] Executing command : report_drc -file mn_adder_wrapper_drc_opted.rpt -pb mn_adder_wrapper_drc_opted.pb -rpx mn_adder_wrapper_drc_opted.rpx
Command: report_drc -file mn_adder_wrapper_drc_opted.rpt -pb mn_adder_wrapper_drc_opted.pb -rpx mn_adder_wrapper_drc_opted.rpx
INFO: [IP_Flow 19-234] Refreshing IP repositories
INFO: [IP_Flow 19-1704] No user IP repositories specified
INFO: [IP_Flow 19-2313] Loaded Vivado IP repository '/home/abhijit/Xilinx/Vivado/2024.2/data/ip'.
INFO: [DRC 23-27] Running DRC with 4 threads
INFO: [Vivado_Tcl 2-168] The results of DRC are in file /home/abhijit/Desktop/delay_automation/design_sweep_runs/mn_adder_N128M2/mn_adder_N128M2.runs/impl_1/mn_adder_wrapper_drc_opted.rpt.
report_drc completed successfully
Wrote PlaceDB: Time (s): cpu = 00:00:00.09 ; elapsed = 00:00:00.02 . Memory (MB): peak = 2408.594 ; gain = 0.000 ; free physical = 425 ; free virtual = 9520
Wrote PulsedLatchDB: Time (s): cpu = 00:00:00 ; elapsed = 00:00:00 . Memory (MB): peak = 2408.594 ; gain = 0.000 ; free physical = 425 ; free virtual = 9520
Write ShapeDB Complete: Time (s): cpu = 00:00:00.13 ; elapsed = 00:00:00.03 . Memory (MB): peak = 2408.594 ; gain = 0.000 ; free physical = 424 ; free virtual = 9519
Writing XDEF routing.
Writing XDEF routing logical nets.
Writing XDEF routing special nets.
Wrote RouteStorage: Time (s): cpu = 00:00:00.14 ; elapsed = 00:00:00.1 . Memory (MB): peak = 2408.594 ; gain = 0.000 ; free physical = 423 ; free virtual = 9519
Wrote Netlist Cache: Time (s): cpu = 00:00:00 ; elapsed = 00:00:00 . Memory (MB): peak = 2408.594 ; gain = 0.000 ; free physical = 423 ; free virtual = 9519
Wrote Device Cache: Time (s): cpu = 00:00:00 ; elapsed = 00:00:00 . Memory (MB): peak = 2408.594 ; gain = 0.000 ; free physical = 423 ; free virtual = 9519
Write Physdb Complete: Time (s): cpu = 00:00:00.23 ; elapsed = 00:00:00.12 . Memory (MB): peak = 2408.594 ; gain = 0.000 ; free physical = 423 ; free virtual = 9519
INFO: [Common 17-1381] The checkpoint '/home/abhijit/Desktop/delay_automation/design_sweep_runs/mn_adder_N128M2/mn_adder_N128M2.runs/impl_1/mn_adder_wrapper_opt.dcp' has been generated.
Command: place_design
Attempting to get a license for feature 'Implementation' and/or device 'xc7a200tl'
INFO: [Common 17-349] Got license for feature 'Implementation' and/or device 'xc7a200tl'
INFO: [Common 17-83] Releasing license: Implementation
INFO: [DRC 23-27] Running DRC with 4 threads
INFO: [Vivado_Tcl 4-198] DRC finished with 0 Errors
INFO: [Vivado_Tcl 4-199] Please refer to the DRC report (report_drc) for more information.
Running DRC as a precondition to command place_design
INFO: [DRC 23-27] Running DRC with 4 threads
INFO: [Vivado_Tcl 4-198] DRC finished with 0 Errors
INFO: [Vivado_Tcl 4-199] Please refer to the DRC report (report_drc) for more information.
INFO: [Place 30-611] Multithreading enabled for place_design using a maximum of 4 CPUs

Starting Placer Task

Phase 1 Placer Initialization

Phase 1.1 Placer Initialization Netlist Sorting
Netlist sorting complete. Time (s): cpu = 00:00:00 ; elapsed = 00:00:00.01 . Memory (MB): peak = 2408.594 ; gain = 0.000 ; free physical = 407 ; free virtual = 9498
Phase 1.1 Placer Initialization Netlist Sorting | Checksum: 1992926ef

Time (s): cpu = 00:00:00 ; elapsed = 00:00:00.01 . Memory (MB): peak = 2408.594 ; gain = 0.000 ; free physical = 407 ; free virtual = 9498
Netlist sorting complete. Time (s): cpu = 00:00:00 ; elapsed = 00:00:00 . Memory (MB): peak = 2408.594 ; gain = 0.000 ; free physical = 407 ; free virtual = 9498

Phase 1.2 IO Placement/ Clock Placement/ Build Placer Device
INFO: [Timing 38-35] Done setting XDC timing constraints.
Phase 1.2 IO Placement/ Clock Placement/ Build Placer Device | Checksum: 1128c5620

Time (s): cpu = 00:00:05 ; elapsed = 00:00:04 . Memory (MB): peak = 2408.594 ; gain = 0.000 ; free physical = 388 ; free virtual = 9483

Phase 1.3 Build Placer Netlist Model
Phase 1.3 Build Placer Netlist Model | Checksum: 1bc8e4398

Time (s): cpu = 00:00:06 ; elapsed = 00:00:05 . Memory (MB): peak = 2414.531 ; gain = 5.938 ; free physical = 388 ; free virtual = 9483

Phase 1.4 Constrain Clocks/Macros
Phase 1.4 Constrain Clocks/Macros | Checksum: 1bc8e4398

Time (s): cpu = 00:00:06 ; elapsed = 00:00:05 . Memory (MB): peak = 2414.531 ; gain = 5.938 ; free physical = 388 ; free virtual = 9483
Phase 1 Placer Initialization | Checksum: 1bc8e4398

Time (s): cpu = 00:00:06 ; elapsed = 00:00:05 . Memory (MB): peak = 2414.531 ; gain = 5.938 ; free physical = 385 ; free virtual = 9480

Phase 2 Global Placement

Phase 2.1 Floorplanning
Phase 2.1 Floorplanning | Checksum: 1bc8e4398

Time (s): cpu = 00:00:06 ; elapsed = 00:00:05 . Memory (MB): peak = 2414.531 ; gain = 5.938 ; free physical = 383 ; free virtual = 9478

Phase 2.2 Update Timing before SLR Path Opt
Phase 2.2 Update Timing before SLR Path Opt | Checksum: 1bc8e4398

Time (s): cpu = 00:00:06 ; elapsed = 00:00:05 . Memory (MB): peak = 2414.531 ; gain = 5.938 ; free physical = 383 ; free virtual = 9478

Phase 2.3 Post-Processing in Floorplanning
Phase 2.3 Post-Processing in Floorplanning | Checksum: 1bc8e4398

Time (s): cpu = 00:00:06 ; elapsed = 00:00:05 . Memory (MB): peak = 2414.531 ; gain = 5.938 ; free physical = 383 ; free virtual = 9478

Phase 2.4 Global Place Phase1
Phase 2.4 Global Place Phase1 | Checksum: 1715e19bf

Time (s): cpu = 00:00:07 ; elapsed = 00:00:05 . Memory (MB): peak = 2452.539 ; gain = 43.945 ; free physical = 342 ; free virtual = 9437

Phase 2.5 Global Place Phase2
WARNING: [Place 46-29] Timing had been disabled during Placer and, therefore, physical synthesis in Placer will be skipped.
Phase 2.5 Global Place Phase2 | Checksum: 14de6fc67

Time (s): cpu = 00:00:07 ; elapsed = 00:00:06 . Memory (MB): peak = 2452.539 ; gain = 43.945 ; free physical = 342 ; free virtual = 9437
Phase 2 Global Placement | Checksum: 14de6fc67

Time (s): cpu = 00:00:07 ; elapsed = 00:00:06 . Memory (MB): peak = 2452.539 ; gain = 43.945 ; free physical = 342 ; free virtual = 9437

Phase 3 Detail Placement

Phase 3.1 Commit Multi Column Macros
Phase 3.1 Commit Multi Column Macros | Checksum: 14de6fc67

Time (s): cpu = 00:00:08 ; elapsed = 00:00:06 . Memory (MB): peak = 2452.539 ; gain = 43.945 ; free physical = 342 ; free virtual = 9437

Phase 3.2 Commit Most Macros & LUTRAMs
Phase 3.2 Commit Most Macros & LUTRAMs | Checksum: 16564fbef

Time (s): cpu = 00:00:08 ; elapsed = 00:00:06 . Memory (MB): peak = 2452.539 ; gain = 43.945 ; free physical = 342 ; free virtual = 9437

Phase 3.3 Area Swap Optimization
Phase 3.3 Area Swap Optimization | Checksum: 15a66f3ec

Time (s): cpu = 00:00:08 ; elapsed = 00:00:06 . Memory (MB): peak = 2452.539 ; gain = 43.945 ; free physical = 342 ; free virtual = 9437

Phase 3.4 Pipeline Register Optimization
Phase 3.4 Pipeline Register Optimization | Checksum: 15a66f3ec

Time (s): cpu = 00:00:08 ; elapsed = 00:00:06 . Memory (MB): peak = 2452.539 ; gain = 43.945 ; free physical = 342 ; free virtual = 9437

Phase 3.5 Small Shape Detail Placement
Phase 3.5 Small Shape Detail Placement | Checksum: 159b68e9a

Time (s): cpu = 00:00:09 ; elapsed = 00:00:06 . Memory (MB): peak = 2461.098 ; gain = 52.504 ; free physical = 334 ; free virtual = 9429

Phase 3.6 Re-assign LUT pins
Phase 3.6 Re-assign LUT pins | Checksum: 159b68e9a

Time (s): cpu = 00:00:09 ; elapsed = 00:00:06 . Memory (MB): peak = 2461.098 ; gain = 52.504 ; free physical = 334 ; free virtual = 9429

Phase 3.7 Pipeline Register Optimization
Phase 3.7 Pipeline Register Optimization | Checksum: 159b68e9a

Time (s): cpu = 00:00:09 ; elapsed = 00:00:06 . Memory (MB): peak = 2461.098 ; gain = 52.504 ; free physical = 334 ; free virtual = 9429
Phase 3 Detail Placement | Checksum: 159b68e9a

Time (s): cpu = 00:00:09 ; elapsed = 00:00:06 . Memory (MB): peak = 2461.098 ; gain = 52.504 ; free physical = 334 ; free virtual = 9429

Phase 4 Post Placement Optimization and Clean-Up

Phase 4.1 Post Commit Optimization
Phase 4.1 Post Commit Optimization | Checksum: 159b68e9a

Time (s): cpu = 00:00:09 ; elapsed = 00:00:07 . Memory (MB): peak = 2461.098 ; gain = 52.504 ; free physical = 334 ; free virtual = 9429

Phase 4.2 Post Placement Cleanup
Phase 4.2 Post Placement Cleanup | Checksum: 159b68e9a

Time (s): cpu = 00:00:09 ; elapsed = 00:00:07 . Memory (MB): peak = 2461.098 ; gain = 52.504 ; free physical = 334 ; free virtual = 9429

Phase 4.3 Placer Reporting

Phase 4.3.1 Print Estimated Congestion
INFO: [Place 30-612] Post-Placement Estimated Congestion 
 ____________________________________________________
|           | Global Congestion | Short Congestion  |
| Direction | Region Size       | Region Size       |
|___________|___________________|___________________|
|      North|                1x1|                1x1|
|___________|___________________|___________________|
|      South|                1x1|                1x1|
|___________|___________________|___________________|
|       East|                1x1|                1x1|
|___________|___________________|___________________|
|       West|                1x1|                1x1|
|___________|___________________|___________________|

Phase 4.3.1 Print Estimated Congestion | Checksum: 159b68e9a

Time (s): cpu = 00:00:09 ; elapsed = 00:00:07 . Memory (MB): peak = 2461.098 ; gain = 52.504 ; free physical = 334 ; free virtual = 9429
Phase 4.3 Placer Reporting | Checksum: 159b68e9a

Time (s): cpu = 00:00:10 ; elapsed = 00:00:07 . Memory (MB): peak = 2461.098 ; gain = 52.504 ; free physical = 334 ; free virtual = 9429

Phase 4.4 Final Placement Cleanup
Netlist sorting complete. Time (s): cpu = 00:00:00 ; elapsed = 00:00:00 . Memory (MB): peak = 2461.098 ; gain = 0.000 ; free physical = 334 ; free virtual = 9429

Time (s): cpu = 00:00:10 ; elapsed = 00:00:07 . Memory (MB): peak = 2461.098 ; gain = 52.504 ; free physical = 334 ; free virtual = 9429
Phase 4 Post Placement Optimization and Clean-Up | Checksum: 159b68e9a

Time (s): cpu = 00:00:10 ; elapsed = 00:00:07 . Memory (MB): peak = 2461.098 ; gain = 52.504 ; free physical = 334 ; free virtual = 9429
Ending Placer Task | Checksum: 1469a2484

Time (s): cpu = 00:00:10 ; elapsed = 00:00:07 . Memory (MB): peak = 2461.098 ; gain = 52.504 ; free physical = 334 ; free virtual = 9429
45 Infos, 1 Warnings, 0 Critical Warnings and 0 Errors encountered.
place_design completed successfully
place_design: Time (s): cpu = 00:00:16 ; elapsed = 00:00:08 . Memory (MB): peak = 2461.098 ; gain = 52.504 ; free physical = 334 ; free virtual = 9429
INFO: [Vivado 12-24838] Running report commands "report_control_sets, report_io, report_utilization" in parallel.
Running report generation with 2 threads.
INFO: [Vivado 12-24828] Executing command : report_utilization -file mn_adder_wrapper_utilization_placed.rpt -pb mn_adder_wrapper_utilization_placed.pb
INFO: [Vivado 12-24828] Executing command : report_control_sets -verbose -file mn_adder_wrapper_control_sets_placed.rpt
report_control_sets: Time (s): cpu = 00:00:00.18 ; elapsed = 00:00:00.13 . Memory (MB): peak = 2461.098 ; gain = 0.000 ; free physical = 321 ; free virtual = 9416
INFO: [Vivado 12-24828] Executing command : report_io -file mn_adder_wrapper_io_placed.rpt
report_io: Time (s): cpu = 00:00:01 ; elapsed = 00:00:00.7 . Memory (MB): peak = 2461.098 ; gain = 0.000 ; free physical = 306 ; free virtual = 9401
Write ShapeDB Complete: Time (s): cpu = 00:00:00.13 ; elapsed = 00:00:00.04 . Memory (MB): peak = 2469.102 ; gain = 0.000 ; free physical = 306 ; free virtual = 9402
Wrote PlaceDB: Time (s): cpu = 00:00:00.15 ; elapsed = 00:00:00.05 . Memory (MB): peak = 2469.102 ; gain = 0.000 ; free physical = 306 ; free virtual = 9402
Wrote PulsedLatchDB: Time (s): cpu = 00:00:00 ; elapsed = 00:00:00 . Memory (MB): peak = 2469.102 ; gain = 0.000 ; free physical = 306 ; free virtual = 9402
Writing XDEF routing.
Writing XDEF routing logical nets.
Writing XDEF routing special nets.
Wrote RouteStorage: Time (s): cpu = 00:00:00.01 ; elapsed = 00:00:00.02 . Memory (MB): peak = 2469.102 ; gain = 0.000 ; free physical = 306 ; free virtual = 9402
Wrote Netlist Cache: Time (s): cpu = 00:00:00.01 ; elapsed = 00:00:00 . Memory (MB): peak = 2469.102 ; gain = 0.000 ; free physical = 306 ; free virtual = 9402
Wrote Device Cache: Time (s): cpu = 00:00:00 ; elapsed = 00:00:00 . Memory (MB): peak = 2469.102 ; gain = 0.000 ; free physical = 306 ; free virtual = 9403
Write Physdb Complete: Time (s): cpu = 00:00:00.17 ; elapsed = 00:00:00.08 . Memory (MB): peak = 2469.102 ; gain = 0.000 ; free physical = 306 ; free virtual = 9403
INFO: [Common 17-1381] The checkpoint '/home/abhijit/Desktop/delay_automation/design_sweep_runs/mn_adder_N128M2/mn_adder_N128M2.runs/impl_1/mn_adder_wrapper_placed.dcp' has been generated.
Command: phys_opt_design
Attempting to get a license for feature 'Implementation' and/or device 'xc7a200tl'
INFO: [Common 17-349] Got license for feature 'Implementation' and/or device 'xc7a200tl'

Starting Initial Update Timing Task

Time (s): cpu = 00:00:00.04 ; elapsed = 00:00:00.03 . Memory (MB): peak = 2469.102 ; gain = 0.000 ; free physical = 305 ; free virtual = 9401
INFO: [Vivado_Tcl 4-235] No timing constraint found. The netlist was not modified.
INFO: [Common 17-83] Releasing license: Implementation
53 Infos, 1 Warnings, 0 Critical Warnings and 0 Errors encountered.
phys_opt_design completed successfully
Write ShapeDB Complete: Time (s): cpu = 00:00:00.13 ; elapsed = 00:00:00.04 . Memory (MB): peak = 2490.930 ; gain = 12.922 ; free physical = 305 ; free virtual = 9401
Wrote PlaceDB: Time (s): cpu = 00:00:00.15 ; elapsed = 00:00:00.05 . Memory (MB): peak = 2490.930 ; gain = 12.922 ; free physical = 305 ; free virtual = 9401
Wrote PulsedLatchDB: Time (s): cpu = 00:00:00 ; elapsed = 00:00:00 . Memory (MB): peak = 2490.930 ; gain = 0.000 ; free physical = 305 ; free virtual = 9401
Writing XDEF routing.
Writing XDEF routing logical nets.
Writing XDEF routing special nets.
Wrote RouteStorage: Time (s): cpu = 00:00:00.02 ; elapsed = 00:00:00.02 . Memory (MB): peak = 2490.930 ; gain = 0.000 ; free physical = 305 ; free virtual = 9402
Wrote Netlist Cache: Time (s): cpu = 00:00:00 ; elapsed = 00:00:00 . Memory (MB): peak = 2490.930 ; gain = 0.000 ; free physical = 305 ; free virtual = 9402
Wrote Device Cache: Time (s): cpu = 00:00:00 ; elapsed = 00:00:00.01 . Memory (MB): peak = 2490.930 ; gain = 0.000 ; free physical = 305 ; free virtual = 9402
Write Physdb Complete: Time (s): cpu = 00:00:00.18 ; elapsed = 00:00:00.08 . Memory (MB): peak = 2490.930 ; gain = 12.922 ; free physical = 305 ; free virtual = 9402
INFO: [Common 17-1381] The checkpoint '/home/abhijit/Desktop/delay_automation/design_sweep_runs/mn_adder_N128M2/mn_adder_N128M2.runs/impl_1/mn_adder_wrapper_physopt.dcp' has been generated.
Command: route_design
Attempting to get a license for feature 'Implementation' and/or device 'xc7a200tl'
INFO: [Common 17-349] Got license for feature 'Implementation' and/or device 'xc7a200tl'


Starting Routing Task
INFO: [Route 35-254] Multithreading enabled for route_design using a maximum of 4 CPUs

Phase 1 Build RT Design
Checksum: PlaceDB: 4e1e3940 ConstDB: 0 ShapeSum: 6060ffe0 RouteDB: 981aeb64
Post Restoration Checksum: NetGraph: b2296c1c | NumContArr: 5439c0fa | Constraints: c2a8fa9d | Timing: c2a8fa9d
Phase 1 Build RT Design | Checksum: 28bb52250

Time (s): cpu = 00:01:28 ; elapsed = 00:01:13 . Memory (MB): peak = 2695.188 ; gain = 204.258 ; free physical = 116 ; free virtual = 9224

Phase 2 Router Initialization
INFO: [Route 35-64] No timing constraints were detected. The router will operate in resource-optimization mode.

Phase 2.1 Fix Topology Constraints
Phase 2.1 Fix Topology Constraints | Checksum: 28bb52250

Time (s): cpu = 00:01:28 ; elapsed = 00:01:13 . Memory (MB): peak = 2714.188 ; gain = 223.258 ; free physical = 104 ; free virtual = 9205

Phase 2.2 Pre Route Cleanup
Phase 2.2 Pre Route Cleanup | Checksum: 28bb52250

Time (s): cpu = 00:01:28 ; elapsed = 00:01:13 . Memory (MB): peak = 2714.188 ; gain = 223.258 ; free physical = 112 ; free virtual = 9209
 Number of Nodes with overlaps = 0

Router Utilization Summary
  Global Vertical Routing Utilization    = 0 %
  Global Horizontal Routing Utilization  = 0 %
  Routable Net Status*
  *Does not include unroutable nets such as driverless and loadless.
  Run report_route_status for detailed report.
  Number of Failed Nets               = 452
    (Failed Nets is the sum of unrouted and partially routed nets)
  Number of Unrouted Nets             = 452
  Number of Partially Routed Nets     = 0
  Number of Node Overlaps             = 0

Phase 2 Router Initialization | Checksum: 202682f78

Time (s): cpu = 00:01:32 ; elapsed = 00:01:15 . Memory (MB): peak = 2771.164 ; gain = 280.234 ; free physical = 111 ; free virtual = 9145

Phase 3 Global Routing
Phase 3 Global Routing | Checksum: 202682f78

Time (s): cpu = 00:01:32 ; elapsed = 00:01:15 . Memory (MB): peak = 2771.164 ; gain = 280.234 ; free physical = 111 ; free virtual = 9145

Phase 4 Initial Routing

Phase 4.1 Initial Net Routing Pass
Phase 4.1 Initial Net Routing Pass | Checksum: 1f713d93d

Time (s): cpu = 00:01:36 ; elapsed = 00:01:16 . Memory (MB): peak = 2771.164 ; gain = 280.234 ; free physical = 116 ; free virtual = 9152
Phase 4 Initial Routing | Checksum: 1f713d93d

Time (s): cpu = 00:01:36 ; elapsed = 00:01:16 . Memory (MB): peak = 2771.164 ; gain = 280.234 ; free physical = 116 ; free virtual = 9152

Phase 5 Rip-up And Reroute

Phase 5.1 Global Iteration 0
 Number of Nodes with overlaps = 0
Phase 5.1 Global Iteration 0 | Checksum: 2bb1cc2a1

Time (s): cpu = 00:01:37 ; elapsed = 00:01:17 . Memory (MB): peak = 2771.164 ; gain = 280.234 ; free physical = 116 ; free virtual = 9152
Phase 5 Rip-up And Reroute | Checksum: 2bb1cc2a1

Time (s): cpu = 00:01:37 ; elapsed = 00:01:17 . Memory (MB): peak = 2771.164 ; gain = 280.234 ; free physical = 116 ; free virtual = 9152

Phase 6 Delay and Skew Optimization
Phase 6 Delay and Skew Optimization | Checksum: 2bb1cc2a1

Time (s): cpu = 00:01:37 ; elapsed = 00:01:17 . Memory (MB): peak = 2771.164 ; gain = 280.234 ; free physical = 116 ; free virtual = 9152

Phase 7 Post Hold Fix

Phase 7.1 Hold Fix Iter
Phase 7.1 Hold Fix Iter | Checksum: 2bb1cc2a1

Time (s): cpu = 00:01:37 ; elapsed = 00:01:17 . Memory (MB): peak = 2771.164 ; gain = 280.234 ; free physical = 116 ; free virtual = 9152
Phase 7 Post Hold Fix | Checksum: 2bb1cc2a1

Time (s): cpu = 00:01:37 ; elapsed = 00:01:17 . Memory (MB): peak = 2771.164 ; gain = 280.234 ; free physical = 116 ; free virtual = 9152

Phase 8 Route finalize

Router Utilization Summary
  Global Vertical Routing Utilization    = 1.37603 %
  Global Horizontal Routing Utilization  = 0.908295 %
  Routable Net Status*
  *Does not include unroutable nets such as driverless and loadless.
  Run report_route_status for detailed report.
  Number of Failed Nets               = 0
    (Failed Nets is the sum of unrouted and partially routed nets)
  Number of Unrouted Nets             = 0
  Number of Partially Routed Nets     = 0
  Number of Node Overlaps             = 0


--GLOBAL Congestion:
Utilization threshold used for congestion level computation: 0.85
Congestion Report
North Dir 1x1 Area, Max Cong = 50.4505%, No Congested Regions.
South Dir 1x1 Area, Max Cong = 53.1532%, No Congested Regions.
East Dir 1x1 Area, Max Cong = 26.4706%, No Congested Regions.
West Dir 1x1 Area, Max Cong = 35.2941%, No Congested Regions.

------------------------------
Reporting congestion hotspots
------------------------------
Direction: North
----------------
Congested clusters found at Level 0
Effective congestion level: 0 Aspect Ratio: 1 Sparse Ratio: 0
Direction: South
----------------
Congested clusters found at Level 0
Effective congestion level: 0 Aspect Ratio: 1 Sparse Ratio: 0
Direction: East
----------------
Congested clusters found at Level 0
Effective congestion level: 0 Aspect Ratio: 1 Sparse Ratio: 0
Direction: West
----------------
Congested clusters found at Level 0
Effective congestion level: 0 Aspect Ratio: 1 Sparse Ratio: 0

Phase 8 Route finalize | Checksum: 2bb1cc2a1

Time (s): cpu = 00:01:38 ; elapsed = 00:01:17 . Memory (MB): peak = 2771.164 ; gain = 280.234 ; free physical = 116 ; free virtual = 9152

Phase 9 Verifying routed nets

 Verification completed successfully
Phase 9 Verifying routed nets | Checksum: 2bb1cc2a1

Time (s): cpu = 00:01:38 ; elapsed = 00:01:17 . Memory (MB): peak = 2771.164 ; gain = 280.234 ; free physical = 116 ; free virtual = 9152

Phase 10 Depositing Routes
Phase 10 Depositing Routes | Checksum: 2bb1cc2a1

Time (s): cpu = 00:01:38 ; elapsed = 00:01:17 . Memory (MB): peak = 2771.164 ; gain = 280.234 ; free physical = 116 ; free virtual = 9152

Phase 11 Post Process Routing
Phase 11 Post Process Routing | Checksum: 2bb1cc2a1

Time (s): cpu = 00:01:38 ; elapsed = 00:01:17 . Memory (MB): peak = 2771.164 ; gain = 280.234 ; free physical = 116 ; free virtual = 9152
Total Elapsed time in route_design: 76.83 secs

Phase 12 Post-Route Event Processing
Phase 12 Post-Route Event Processing | Checksum: 1653f0044

Time (s): cpu = 00:01:38 ; elapsed = 00:01:17 . Memory (MB): peak = 2771.164 ; gain = 280.234 ; free physical = 116 ; free virtual = 9152
INFO: [Route 35-16] Router Completed Successfully
Ending Routing Task | Checksum: 1653f0044

Time (s): cpu = 00:01:38 ; elapsed = 00:01:17 . Memory (MB): peak = 2771.164 ; gain = 280.234 ; free physical = 116 ; free virtual = 9152

Routing Is Done.
INFO: [Common 17-83] Releasing license: Implementation
59 Infos, 1 Warnings, 0 Critical Warnings and 0 Errors encountered.
route_design completed successfully
route_design: Time (s): cpu = 00:01:38 ; elapsed = 00:01:17 . Memory (MB): peak = 2771.164 ; gain = 280.234 ; free physical = 116 ; free virtual = 9152
INFO: [Vivado 12-24828] Executing command : report_drc -file mn_adder_wrapper_drc_routed.rpt -pb mn_adder_wrapper_drc_routed.pb -rpx mn_adder_wrapper_drc_routed.rpx
Command: report_drc -file mn_adder_wrapper_drc_routed.rpt -pb mn_adder_wrapper_drc_routed.pb -rpx mn_adder_wrapper_drc_routed.rpx
INFO: [IP_Flow 19-1839] IP Catalog is up to date.
INFO: [DRC 23-27] Running DRC with 4 threads
INFO: [Vivado_Tcl 2-168] The results of DRC are in file /home/abhijit/Desktop/delay_automation/design_sweep_runs/mn_adder_N128M2/mn_adder_N128M2.runs/impl_1/mn_adder_wrapper_drc_routed.rpt.
report_drc completed successfully
INFO: [Vivado 12-24828] Executing command : report_methodology -file mn_adder_wrapper_methodology_drc_routed.rpt -pb mn_adder_wrapper_methodology_drc_routed.pb -rpx mn_adder_wrapper_methodology_drc_routed.rpx
Command: report_methodology -file mn_adder_wrapper_methodology_drc_routed.rpt -pb mn_adder_wrapper_methodology_drc_routed.pb -rpx mn_adder_wrapper_methodology_drc_routed.rpx
INFO: [Timing 38-35] Done setting XDC timing constraints.
INFO: [DRC 23-133] Running Methodology with 4 threads
INFO: [Vivado_Tcl 2-1520] The results of Report Methodology are in file /home/abhijit/Desktop/delay_automation/design_sweep_runs/mn_adder_N128M2/mn_adder_N128M2.runs/impl_1/mn_adder_wrapper_methodology_drc_routed.rpt.
report_methodology completed successfully
INFO: [Vivado 12-24828] Executing command : report_timing_summary -max_paths 10 -report_unconstrained -file mn_adder_wrapper_timing_summary_routed.rpt -pb mn_adder_wrapper_timing_summary_routed.pb -rpx mn_adder_wrapper_timing_summary_routed.rpx -warn_on_violation 
INFO: [Timing 38-35] Done setting XDC timing constraints.
INFO: [Timing 38-91] UpdateTimingParams: Speed grade: -2L, Delay Type: min_max.
INFO: [Timing 38-191] Multithreading enabled for timing update using a maximum of 4 CPUs
WARNING: [Timing 38-313] There are no user specified timing constraints. Timing constraints are needed for proper timing analysis.
INFO: [Vivado 12-24838] Running report commands "report_bus_skew, report_incremental_reuse, report_route_status" in parallel.
Running report generation with 2 threads.
INFO: [Vivado 12-24828] Executing command : report_route_status -file mn_adder_wrapper_route_status.rpt -pb mn_adder_wrapper_route_status.pb
INFO: [Vivado 12-24828] Executing command : report_incremental_reuse -file mn_adder_wrapper_incremental_reuse_routed.rpt
INFO: [Vivado_Tcl 4-1062] Incremental flow is disabled. No incremental reuse Info to report.
INFO: [Vivado 12-24828] Executing command : report_bus_skew -warn_on_violation -file mn_adder_wrapper_bus_skew_routed.rpt -pb mn_adder_wrapper_bus_skew_routed.pb -rpx mn_adder_wrapper_bus_skew_routed.rpx
INFO: [Timing 38-91] UpdateTimingParams: Speed grade: -2L, Delay Type: min_max.
INFO: [Timing 38-191] Multithreading enabled for timing update using a maximum of 4 CPUs
INFO: [Vivado 12-24828] Executing command : report_power -file mn_adder_wrapper_power_routed.rpt -pb mn_adder_wrapper_power_summary_routed.pb -rpx mn_adder_wrapper_power_routed.rpx
Command: report_power -file mn_adder_wrapper_power_routed.rpt -pb mn_adder_wrapper_power_summary_routed.pb -rpx mn_adder_wrapper_power_routed.rpx
WARNING: [Power 33-232] No user defined clocks were found in the design! Power estimation will be inaccurate until this is corrected.
Resolution: Please specify clocks using create_clock/create_generated_clock for sequential elements. For pure combinatorial circuits, please specify a virtual clock, otherwise the vectorless estimation might be inaccurate
Running Vector-less Activity Propagation...

Finished Running Vector-less Activity Propagation
79 Infos, 3 Warnings, 0 Critical Warnings and 0 Errors encountered.
report_power completed successfully
INFO: [Vivado 12-24828] Executing command : report_clock_utilization -file mn_adder_wrapper_clock_utilization_routed.rpt
generate_parallel_reports: Time (s): cpu = 00:00:26 ; elapsed = 00:00:10 . Memory (MB): peak = 2813.922 ; gain = 42.758 ; free physical = 127 ; free virtual = 9112
Write ShapeDB Complete: Time (s): cpu = 00:00:00.12 ; elapsed = 00:00:00.04 . Memory (MB): peak = 2813.922 ; gain = 0.000 ; free physical = 127 ; free virtual = 9112
Wrote PlaceDB: Time (s): cpu = 00:00:00.14 ; elapsed = 00:00:00.05 . Memory (MB): peak = 2813.922 ; gain = 0.000 ; free physical = 127 ; free virtual = 9112
Wrote PulsedLatchDB: Time (s): cpu = 00:00:00 ; elapsed = 00:00:00 . Memory (MB): peak = 2813.922 ; gain = 0.000 ; free physical = 127 ; free virtual = 9112
Writing XDEF routing.
Writing XDEF routing logical nets.
Writing XDEF routing special nets.
Wrote RouteStorage: Time (s): cpu = 00:00:00.05 ; elapsed = 00:00:00.04 . Memory (MB): peak = 2813.922 ; gain = 0.000 ; free physical = 128 ; free virtual = 9114
Wrote Netlist Cache: Time (s): cpu = 00:00:00 ; elapsed = 00:00:00 . Memory (MB): peak = 2813.922 ; gain = 0.000 ; free physical = 128 ; free virtual = 9114
Wrote Device Cache: Time (s): cpu = 00:00:00.02 ; elapsed = 00:00:00.02 . Memory (MB): peak = 2813.922 ; gain = 0.000 ; free physical = 128 ; free virtual = 9115
Write Physdb Complete: Time (s): cpu = 00:00:00.21 ; elapsed = 00:00:00.11 . Memory (MB): peak = 2813.922 ; gain = 0.000 ; free physical = 128 ; free virtual = 9115
INFO: [Common 17-1381] The checkpoint '/home/abhijit/Desktop/delay_automation/design_sweep_runs/mn_adder_N128M2/mn_adder_N128M2.runs/impl_1/mn_adder_wrapper_routed.dcp' has been generated.
INFO: [Common 17-206] Exiting Vivado at Mon Jun  9 18:02:36 2025...
[Mon Jun  9 18:02:41 2025] impl_1 finished
wait_on_runs: Time (s): cpu = 00:00:02 ; elapsed = 00:02:19 . Memory (MB): peak = 1367.320 ; gain = 0.000 ; free physical = 1849 ; free virtual = 10834

Synthesis completed successfully for N=128, M=2



Running synthesis for N=128 and M=4

All modules generated successfully


WARNING: [Vivado 12-7122] Auto Incremental Compile:: No reference checkpoint was found in run synth_1. Auto-incremental flow will not be run, the standard flow will be run instead.
[Mon Jun  9 18:02:44 2025] Launched synth_1...
Run output will be captured here: /home/abhijit/Desktop/delay_automation/design_sweep_runs/mn_adder_N128M4/mn_adder_N128M4.runs/synth_1/runme.log
[Mon Jun  9 18:02:44 2025] Waiting for synth_1 to finish...

*** Running vivado
    with args -log mn_adder_wrapper.vds -m64 -product Vivado -mode batch -messageDb vivado.pb -notrace -source mn_adder_wrapper.tcl


****** Vivado v2024.2 (64-bit)
  **** SW Build 5239630 on Fri Nov 08 22:34:34 MST 2024
  **** IP Build 5239520 on Sun Nov 10 16:12:51 MST 2024
  **** SharedData Build 5239561 on Fri Nov 08 14:39:27 MST 2024
  **** Start of session at: Mon Jun  9 18:02:49 2025
    ** Copyright 1986-2022 Xilinx, Inc. All Rights Reserved.
    ** Copyright 2022-2024 Advanced Micro Devices, Inc. All Rights Reserved.

source mn_adder_wrapper.tcl -notrace
Command: synth_design -top mn_adder_wrapper -part xc7a200tlffv1156-2L
Starting synth_design
Attempting to get a license for feature 'Synthesis' and/or device 'xc7a200tl'
INFO: [Common 17-349] Got license for feature 'Synthesis' and/or device 'xc7a200tl'
INFO: [Synth 8-7079] Multithreading enabled for synth_design using a maximum of 7 processes.
INFO: [Synth 8-7078] Launching helper process for spawning children vivado processes
INFO: [Synth 8-7075] Helper process launched with PID 18119
---------------------------------------------------------------------------------
Starting Synthesize : Time (s): cpu = 00:00:06 ; elapsed = 00:00:07 . Memory (MB): peak = 1723.176 ; gain = 356.855 ; free physical = 922 ; free virtual = 9919
---------------------------------------------------------------------------------
INFO: [Synth 8-6157] synthesizing module 'mn_adder_wrapper' [/home/abhijit/Desktop/delay_automation/design_sweep_runs/mn_adder_N128M4/design_modules/adder_wrapper.v:3]
INFO: [Synth 8-6157] synthesizing module 'mn_adder' [/home/abhijit/Desktop/delay_automation/design_sweep_runs/mn_adder_N128M4/design_modules/mn_adder.v:2]
	Parameter N bound to: 128 - type: integer 
	Parameter M bound to: 4 - type: integer 
INFO: [Synth 8-6157] synthesizing module 'RCA' [/home/abhijit/Desktop/delay_automation/design_sweep_runs/mn_adder_N128M4/design_modules/RCA.v:2]
	Parameter M bound to: 4 - type: integer 
	Parameter K bound to: 124 - type: integer 
INFO: [Synth 8-6157] synthesizing module 'LUT6' [/home/abhijit/Xilinx/Vivado/2024.2/scripts/rt/data/unisim_comp.v:84297]
	Parameter INIT bound to: 64'b0000000000000000000000000000000000000000000000000000000000000110 
INFO: [Synth 8-6155] done synthesizing module 'LUT6' (0#1) [/home/abhijit/Xilinx/Vivado/2024.2/scripts/rt/data/unisim_comp.v:84297]
INFO: [Synth 8-6157] synthesizing module 'CARRY4' [/home/abhijit/Xilinx/Vivado/2024.2/scripts/rt/data/unisim_comp.v:3092]
INFO: [Synth 8-6155] done synthesizing module 'CARRY4' (0#1) [/home/abhijit/Xilinx/Vivado/2024.2/scripts/rt/data/unisim_comp.v:3092]
INFO: [Synth 8-6155] done synthesizing module 'RCA' (0#1) [/home/abhijit/Desktop/delay_automation/design_sweep_runs/mn_adder_N128M4/design_modules/RCA.v:2]
INFO: [Synth 8-6157] synthesizing module 'compressed_adder' [/home/abhijit/Desktop/delay_automation/design_sweep_runs/mn_adder_N128M4/design_modules/compressed_adder.v:2]
	Parameter K bound to: 124 - type: integer 
INFO: [Synth 8-6157] synthesizing module 'LUT6_2' [/home/abhijit/Xilinx/Vivado/2024.2/scripts/rt/data/unisim_comp.v:84343]
	Parameter INIT bound to: 64'b1110000100011110100001110111100010011001100110010110011001100110 
INFO: [Synth 8-6155] done synthesizing module 'LUT6_2' (0#1) [/home/abhijit/Xilinx/Vivado/2024.2/scripts/rt/data/unisim_comp.v:84343]
INFO: [Synth 8-6155] done synthesizing module 'compressed_adder' (0#1) [/home/abhijit/Desktop/delay_automation/design_sweep_runs/mn_adder_N128M4/design_modules/compressed_adder.v:2]
INFO: [Synth 8-6157] synthesizing module 'carry_compressor' [/home/abhijit/Desktop/delay_automation/design_sweep_runs/mn_adder_N128M4/design_modules/carry_compressor.v:3]
	Parameter K bound to: 124 - type: integer 
INFO: [Synth 8-6157] synthesizing module 'LUT6_2__parameterized0' [/home/abhijit/Xilinx/Vivado/2024.2/scripts/rt/data/unisim_comp.v:84343]
	Parameter INIT bound to: 64'b0000000000000000000001100110000000000000000000001111101010100000 
INFO: [Synth 8-6155] done synthesizing module 'LUT6_2__parameterized0' (0#1) [/home/abhijit/Xilinx/Vivado/2024.2/scripts/rt/data/unisim_comp.v:84343]
INFO: [Synth 8-6155] done synthesizing module 'carry_compressor' (0#1) [/home/abhijit/Desktop/delay_automation/design_sweep_runs/mn_adder_N128M4/design_modules/carry_compressor.v:3]
INFO: [Synth 8-6155] done synthesizing module 'mn_adder' (0#1) [/home/abhijit/Desktop/delay_automation/design_sweep_runs/mn_adder_N128M4/design_modules/mn_adder.v:2]
INFO: [Synth 8-6155] done synthesizing module 'mn_adder_wrapper' (0#1) [/home/abhijit/Desktop/delay_automation/design_sweep_runs/mn_adder_N128M4/design_modules/adder_wrapper.v:3]
WARNING: [Synth 8-3848] Net dummyDI in module/entity RCA does not have driver. [/home/abhijit/Desktop/delay_automation/design_sweep_runs/mn_adder_N128M4/design_modules/RCA.v:32]
WARNING: [Synth 8-3848] Net dummyS in module/entity RCA does not have driver. [/home/abhijit/Desktop/delay_automation/design_sweep_runs/mn_adder_N128M4/design_modules/RCA.v:32]
WARNING: [Synth 8-7129] Port group_carry[61] in module compressed_adder is either unconnected or has no load
---------------------------------------------------------------------------------
Finished Synthesize : Time (s): cpu = 00:00:08 ; elapsed = 00:00:09 . Memory (MB): peak = 1796.145 ; gain = 429.824 ; free physical = 825 ; free virtual = 9827
---------------------------------------------------------------------------------
---------------------------------------------------------------------------------
Finished Constraint Validation : Time (s): cpu = 00:00:10 ; elapsed = 00:00:10 . Memory (MB): peak = 1813.957 ; gain = 447.637 ; free physical = 825 ; free virtual = 9827
---------------------------------------------------------------------------------
---------------------------------------------------------------------------------
Start Loading Part and Timing Information
---------------------------------------------------------------------------------
Loading part: xc7a200tlffv1156-2L
---------------------------------------------------------------------------------
INFO: [Device 21-403] Loading part xc7a200tlffv1156-2L
Finished Loading Part and Timing Information : Time (s): cpu = 00:00:10 ; elapsed = 00:00:10 . Memory (MB): peak = 1821.961 ; gain = 455.641 ; free physical = 825 ; free virtual = 9827
---------------------------------------------------------------------------------
---------------------------------------------------------------------------------
Finished RTL Optimization Phase 2 : Time (s): cpu = 00:00:10 ; elapsed = 00:00:10 . Memory (MB): peak = 1830.867 ; gain = 464.547 ; free physical = 818 ; free virtual = 9821
---------------------------------------------------------------------------------
No constraint files found.
---------------------------------------------------------------------------------
Start RTL Component Statistics 
---------------------------------------------------------------------------------
Detailed RTL Component Info : 
+---Registers : 
	                1 Bit    Registers := 3     
---------------------------------------------------------------------------------
Finished RTL Component Statistics 
---------------------------------------------------------------------------------
---------------------------------------------------------------------------------
Start Part Resource Summary
---------------------------------------------------------------------------------
Part Resources:
DSPs: 740 (col length:100)
BRAMs: 730 (col length: RAMB18 100 RAMB36 50)
---------------------------------------------------------------------------------
Finished Part Resource Summary
---------------------------------------------------------------------------------
No constraint files found.
---------------------------------------------------------------------------------
Start Cross Boundary and Area Optimization
---------------------------------------------------------------------------------
WARNING: [Synth 8-7080] Parallel synthesis criteria is not met
WARNING: [Synth 8-7129] Port group_carry[61] in module compressed_adder is either unconnected or has no load
---------------------------------------------------------------------------------
Finished Cross Boundary and Area Optimization : Time (s): cpu = 00:00:16 ; elapsed = 00:00:16 . Memory (MB): peak = 1930.680 ; gain = 564.359 ; free physical = 693 ; free virtual = 9698
---------------------------------------------------------------------------------
No constraint files found.
---------------------------------------------------------------------------------
Start Timing Optimization
---------------------------------------------------------------------------------
---------------------------------------------------------------------------------
Finished Timing Optimization : Time (s): cpu = 00:00:16 ; elapsed = 00:00:16 . Memory (MB): peak = 1954.492 ; gain = 588.172 ; free physical = 683 ; free virtual = 9689
---------------------------------------------------------------------------------
---------------------------------------------------------------------------------
Start Technology Mapping
---------------------------------------------------------------------------------
---------------------------------------------------------------------------------
Finished Technology Mapping : Time (s): cpu = 00:00:16 ; elapsed = 00:00:17 . Memory (MB): peak = 1954.492 ; gain = 588.172 ; free physical = 676 ; free virtual = 9682
---------------------------------------------------------------------------------
---------------------------------------------------------------------------------
Start IO Insertion
---------------------------------------------------------------------------------
---------------------------------------------------------------------------------
Start Flattening Before IO Insertion
---------------------------------------------------------------------------------
---------------------------------------------------------------------------------
Finished Flattening Before IO Insertion
---------------------------------------------------------------------------------
---------------------------------------------------------------------------------
Start Final Netlist Cleanup
---------------------------------------------------------------------------------
---------------------------------------------------------------------------------
Finished Final Netlist Cleanup
---------------------------------------------------------------------------------
---------------------------------------------------------------------------------
Finished IO Insertion : Time (s): cpu = 00:00:22 ; elapsed = 00:00:22 . Memory (MB): peak = 2108.305 ; gain = 741.984 ; free physical = 536 ; free virtual = 9542
---------------------------------------------------------------------------------
---------------------------------------------------------------------------------
Start Renaming Generated Instances
---------------------------------------------------------------------------------
---------------------------------------------------------------------------------
Finished Renaming Generated Instances : Time (s): cpu = 00:00:22 ; elapsed = 00:00:22 . Memory (MB): peak = 2108.305 ; gain = 741.984 ; free physical = 536 ; free virtual = 9541
---------------------------------------------------------------------------------
---------------------------------------------------------------------------------
Start Rebuilding User Hierarchy
---------------------------------------------------------------------------------
---------------------------------------------------------------------------------
Finished Rebuilding User Hierarchy : Time (s): cpu = 00:00:22 ; elapsed = 00:00:22 . Memory (MB): peak = 2108.305 ; gain = 741.984 ; free physical = 536 ; free virtual = 9541
---------------------------------------------------------------------------------
---------------------------------------------------------------------------------
Start Renaming Generated Ports
---------------------------------------------------------------------------------
---------------------------------------------------------------------------------
Finished Renaming Generated Ports : Time (s): cpu = 00:00:22 ; elapsed = 00:00:22 . Memory (MB): peak = 2108.305 ; gain = 741.984 ; free physical = 536 ; free virtual = 9541
---------------------------------------------------------------------------------
---------------------------------------------------------------------------------
Start Handling Custom Attributes
---------------------------------------------------------------------------------
---------------------------------------------------------------------------------
Finished Handling Custom Attributes : Time (s): cpu = 00:00:22 ; elapsed = 00:00:22 . Memory (MB): peak = 2108.305 ; gain = 741.984 ; free physical = 536 ; free virtual = 9541
---------------------------------------------------------------------------------
---------------------------------------------------------------------------------
Start Renaming Generated Nets
---------------------------------------------------------------------------------
---------------------------------------------------------------------------------
Finished Renaming Generated Nets : Time (s): cpu = 00:00:22 ; elapsed = 00:00:22 . Memory (MB): peak = 2108.305 ; gain = 741.984 ; free physical = 536 ; free virtual = 9541
---------------------------------------------------------------------------------
---------------------------------------------------------------------------------
Start Writing Synthesis Report
---------------------------------------------------------------------------------

Report BlackBoxes: 
+-+--------------+----------+
| |BlackBox name |Instances |
+-+--------------+----------+
+-+--------------+----------+

Report Cell Usage: 
+------+-------+------+
|      |Cell   |Count |
+------+-------+------+
|1     |BUFG   |     1|
|2     |CARRY4 |    17|
|3     |LUT6   |   128|
|5     |FDRE   |     3|
|6     |IBUF   |   259|
|7     |OBUF   |   129|
+------+-------+------+

Report Instance Areas: 
+------+--------------------------+-----------------+------+
|      |Instance                  |Module           |Cells |
+------+--------------------------+-----------------+------+
|1     |top                       |                 |   537|
|2     |  adder_inst              |mn_adder         |   145|
|3     |    RCA_inst              |RCA              |     3|
|4     |    compressed_adder_inst |compressed_adder |    62|
|5     |    CC_inst               |carry_compressor |    80|
+------+--------------------------+-----------------+------+
---------------------------------------------------------------------------------
Finished Writing Synthesis Report : Time (s): cpu = 00:00:22 ; elapsed = 00:00:22 . Memory (MB): peak = 2108.305 ; gain = 741.984 ; free physical = 536 ; free virtual = 9541
---------------------------------------------------------------------------------
Synthesis finished with 0 errors, 0 critical warnings and 5 warnings.
Synthesis Optimization Runtime : Time (s): cpu = 00:00:22 ; elapsed = 00:00:22 . Memory (MB): peak = 2108.305 ; gain = 741.984 ; free physical = 536 ; free virtual = 9541
Synthesis Optimization Complete : Time (s): cpu = 00:00:22 ; elapsed = 00:00:22 . Memory (MB): peak = 2108.312 ; gain = 741.984 ; free physical = 536 ; free virtual = 9541
INFO: [Project 1-571] Translating synthesized netlist
Netlist sorting complete. Time (s): cpu = 00:00:00 ; elapsed = 00:00:00.01 . Memory (MB): peak = 2122.180 ; gain = 0.000 ; free physical = 670 ; free virtual = 9676
INFO: [Netlist 29-17] Analyzing 141 Unisim elements for replacement
INFO: [Netlist 29-28] Unisim Transformation completed in 0 CPU seconds
INFO: [Project 1-570] Preparing netlist for logic optimization
INFO: [Opt 31-138] Pushed 0 inverter(s) to 0 load pin(s).
Netlist sorting complete. Time (s): cpu = 00:00:00 ; elapsed = 00:00:00 . Memory (MB): peak = 2217.742 ; gain = 0.000 ; free physical = 575 ; free virtual = 9577
INFO: [Project 1-111] Unisim Transformation Summary:
  A total of 124 instances were transformed.
  LUT6_2 => LUT6_2 (LUT5, LUT6): 124 instances

Synth Design complete | Checksum: 64a8d4b8
INFO: [Common 17-83] Releasing license: Synthesis
30 Infos, 5 Warnings, 0 Critical Warnings and 0 Errors encountered.
synth_design completed successfully
synth_design: Time (s): cpu = 00:00:32 ; elapsed = 00:00:28 . Memory (MB): peak = 2217.742 ; gain = 851.430 ; free physical = 575 ; free virtual = 9577
INFO: [Common 17-2834] synth_design peak Physical Memory [PSS] (MB): overall = 1554.652; main = 1504.843; forked = 278.936
INFO: [Common 17-2834] synth_design peak Virtual Memory [VSS] (MB): overall = 2955.281; main = 2217.746; forked = 914.785
Write ShapeDB Complete: Time (s): cpu = 00:00:00.07 ; elapsed = 00:00:00.04 . Memory (MB): peak = 2241.754 ; gain = 0.000 ; free physical = 575 ; free virtual = 9578
INFO: [Common 17-1381] The checkpoint '/home/abhijit/Desktop/delay_automation/design_sweep_runs/mn_adder_N128M4/mn_adder_N128M4.runs/synth_1/mn_adder_wrapper.dcp' has been generated.
INFO: [Vivado 12-24828] Executing command : report_utilization -file mn_adder_wrapper_utilization_synth.rpt -pb mn_adder_wrapper_utilization_synth.pb
INFO: [Common 17-206] Exiting Vivado at Mon Jun  9 18:03:24 2025...
[Mon Jun  9 18:03:28 2025] synth_1 finished
wait_on_runs: Time (s): cpu = 00:00:45 ; elapsed = 00:00:44 . Memory (MB): peak = 1367.320 ; gain = 0.000 ; free physical = 1821 ; free virtual = 10822
[Mon Jun  9 18:03:28 2025] Launched impl_1...
Run output will be captured here: /home/abhijit/Desktop/delay_automation/design_sweep_runs/mn_adder_N128M4/mn_adder_N128M4.runs/impl_1/runme.log
[Mon Jun  9 18:03:28 2025] Waiting for impl_1 to finish...

*** Running vivado
    with args -log mn_adder_wrapper.vdi -applog -m64 -product Vivado -messageDb vivado.pb -mode batch -source mn_adder_wrapper.tcl -notrace


****** Vivado v2024.2 (64-bit)
  **** SW Build 5239630 on Fri Nov 08 22:34:34 MST 2024
  **** IP Build 5239520 on Sun Nov 10 16:12:51 MST 2024
  **** SharedData Build 5239561 on Fri Nov 08 14:39:27 MST 2024
  **** Start of session at: Mon Jun  9 18:03:32 2025
    ** Copyright 1986-2022 Xilinx, Inc. All Rights Reserved.
    ** Copyright 2022-2024 Advanced Micro Devices, Inc. All Rights Reserved.

source mn_adder_wrapper.tcl -notrace
Command: link_design -top mn_adder_wrapper -part xc7a200tlffv1156-2L
Design is defaulting to srcset: sources_1
Design is defaulting to constrset: constrs_1
INFO: [Device 21-403] Loading part xc7a200tlffv1156-2L
Netlist sorting complete. Time (s): cpu = 00:00:00.01 ; elapsed = 00:00:00.01 . Memory (MB): peak = 1508.105 ; gain = 0.000 ; free physical = 1297 ; free virtual = 10299
INFO: [Netlist 29-17] Analyzing 141 Unisim elements for replacement
INFO: [Netlist 29-28] Unisim Transformation completed in 0 CPU seconds
INFO: [Project 1-479] Netlist was created with Vivado 2024.2
INFO: [Project 1-570] Preparing netlist for logic optimization
Read ShapeDB Complete: Time (s): cpu = 00:00:00.03 ; elapsed = 00:00:00.02 . Memory (MB): peak = 1564.980 ; gain = 1.000 ; free physical = 1215 ; free virtual = 10216
Netlist sorting complete. Time (s): cpu = 00:00:00 ; elapsed = 00:00:00 . Memory (MB): peak = 1565.980 ; gain = 0.000 ; free physical = 1214 ; free virtual = 10215
INFO: [Project 1-111] Unisim Transformation Summary:
  A total of 124 instances were transformed.
  LUT6_2 => LUT6_2 (LUT5, LUT6): 124 instances

6 Infos, 0 Warnings, 0 Critical Warnings and 0 Errors encountered.
link_design completed successfully
link_design: Time (s): cpu = 00:00:07 ; elapsed = 00:00:07 . Memory (MB): peak = 1565.980 ; gain = 135.219 ; free physical = 1214 ; free virtual = 10215
Command: opt_design
Attempting to get a license for feature 'Implementation' and/or device 'xc7a200tl'
INFO: [Common 17-349] Got license for feature 'Implementation' and/or device 'xc7a200tl'
Running DRC as a precondition to command opt_design

Starting DRC Task
INFO: [DRC 23-27] Running DRC with 4 threads
INFO: [Project 1-461] DRC finished with 0 Errors
INFO: [Project 1-462] Please refer to the DRC report (report_drc) for more information.

Time (s): cpu = 00:00:04 ; elapsed = 00:00:02 . Memory (MB): peak = 1724.168 ; gain = 158.188 ; free physical = 1158 ; free virtual = 10159

Starting Cache Timing Information Task
INFO: [Timing 38-35] Done setting XDC timing constraints.
Ending Cache Timing Information Task | Checksum: 1b0ee968c

Time (s): cpu = 00:00:10 ; elapsed = 00:00:10 . Memory (MB): peak = 2039.340 ; gain = 315.172 ; free physical = 920 ; free virtual = 9921

Starting Logic Optimization Task

Phase 1 Initialization

Phase 1.1 Core Generation And Design Setup
Phase 1.1 Core Generation And Design Setup | Checksum: 1b0ee968c

Time (s): cpu = 00:00:00.01 ; elapsed = 00:00:00 . Memory (MB): peak = 2385.230 ; gain = 0.000 ; free physical = 578 ; free virtual = 9579

Phase 1.2 Setup Constraints And Sort Netlist
Phase 1.2 Setup Constraints And Sort Netlist | Checksum: 1b0ee968c

Time (s): cpu = 00:00:00.01 ; elapsed = 00:00:00.01 . Memory (MB): peak = 2385.230 ; gain = 0.000 ; free physical = 578 ; free virtual = 9579
Phase 1 Initialization | Checksum: 1b0ee968c

Time (s): cpu = 00:00:00.01 ; elapsed = 00:00:00.01 . Memory (MB): peak = 2385.230 ; gain = 0.000 ; free physical = 578 ; free virtual = 9579

Phase 2 Timer Update And Timing Data Collection

Phase 2.1 Timer Update
Phase 2.1 Timer Update | Checksum: 1b0ee968c

Time (s): cpu = 00:00:00.04 ; elapsed = 00:00:00.03 . Memory (MB): peak = 2385.230 ; gain = 0.000 ; free physical = 578 ; free virtual = 9579

Phase 2.2 Timing Data Collection
Phase 2.2 Timing Data Collection | Checksum: 1b0ee968c

Time (s): cpu = 00:00:00.05 ; elapsed = 00:00:00.03 . Memory (MB): peak = 2385.230 ; gain = 0.000 ; free physical = 577 ; free virtual = 9579
Phase 2 Timer Update And Timing Data Collection | Checksum: 1b0ee968c

Time (s): cpu = 00:00:00.06 ; elapsed = 00:00:00.04 . Memory (MB): peak = 2385.230 ; gain = 0.000 ; free physical = 577 ; free virtual = 9579

Phase 3 Retarget
INFO: [Opt 31-1851] Number of loadless carry chains removed were: 0
INFO: [Opt 31-1834] Total Chains To Be Transformed Were: 0 AND Number of Transformed insts Created are: 0
INFO: [Opt 31-138] Pushed 0 inverter(s) to 0 load pin(s).
INFO: [Opt 31-49] Retargeted 0 cell(s).
Phase 3 Retarget | Checksum: 1b0ee968c

Time (s): cpu = 00:00:00.11 ; elapsed = 00:00:00.1 . Memory (MB): peak = 2385.230 ; gain = 0.000 ; free physical = 577 ; free virtual = 9578
Retarget | Checksum: 1b0ee968c
INFO: [Opt 31-389] Phase Retarget created 0 cells and removed 0 cells

Phase 4 Constant propagation
INFO: [Opt 31-138] Pushed 0 inverter(s) to 0 load pin(s).
Phase 4 Constant propagation | Checksum: 1b0ee968c

Time (s): cpu = 00:00:00.12 ; elapsed = 00:00:00.11 . Memory (MB): peak = 2385.230 ; gain = 0.000 ; free physical = 577 ; free virtual = 9578
Constant propagation | Checksum: 1b0ee968c
INFO: [Opt 31-389] Phase Constant propagation created 0 cells and removed 0 cells

Phase 5 Sweep
INFO: [Constraints 18-11670] Building netlist checker database with flags, 0x8
Done building netlist checker database: Time (s): cpu = 00:00:00 ; elapsed = 00:00:00 . Memory (MB): peak = 2385.230 ; gain = 0.000 ; free physical = 577 ; free virtual = 9578
INFO: [Constraints 18-11670] Building netlist checker database with flags, 0x8
Done building netlist checker database: Time (s): cpu = 00:00:00 ; elapsed = 00:00:00 . Memory (MB): peak = 2385.230 ; gain = 0.000 ; free physical = 577 ; free virtual = 9578
Phase 5 Sweep | Checksum: 1a3925e50

Time (s): cpu = 00:00:00.13 ; elapsed = 00:00:00.12 . Memory (MB): peak = 2385.230 ; gain = 0.000 ; free physical = 577 ; free virtual = 9578
Sweep | Checksum: 1a3925e50
INFO: [Opt 31-389] Phase Sweep created 0 cells and removed 0 cells

Phase 6 BUFG optimization
Phase 6 BUFG optimization | Checksum: 1a3925e50

Time (s): cpu = 00:00:00.16 ; elapsed = 00:00:00.14 . Memory (MB): peak = 2417.246 ; gain = 32.016 ; free physical = 576 ; free virtual = 9578
BUFG optimization | Checksum: 1a3925e50
INFO: [Opt 31-662] Phase BUFG optimization created 0 cells of which 0 are BUFGs and removed 0 cells.

Phase 7 Shift Register Optimization
INFO: [Opt 31-1064] SRL Remap converted 0 SRLs to 0 registers and converted 0 registers of register chains to 0 SRLs
Phase 7 Shift Register Optimization | Checksum: 1a3925e50

Time (s): cpu = 00:00:00.17 ; elapsed = 00:00:00.14 . Memory (MB): peak = 2417.246 ; gain = 32.016 ; free physical = 576 ; free virtual = 9578
Shift Register Optimization | Checksum: 1a3925e50
INFO: [Opt 31-389] Phase Shift Register Optimization created 0 cells and removed 0 cells

Phase 8 Post Processing Netlist
Phase 8 Post Processing Netlist | Checksum: 1a3925e50

Time (s): cpu = 00:00:00.18 ; elapsed = 00:00:00.15 . Memory (MB): peak = 2417.246 ; gain = 32.016 ; free physical = 576 ; free virtual = 9578
Post Processing Netlist | Checksum: 1a3925e50
INFO: [Opt 31-389] Phase Post Processing Netlist created 0 cells and removed 0 cells

Phase 9 Finalization

Phase 9.1 Finalizing Design Cores and Updating Shapes
Phase 9.1 Finalizing Design Cores and Updating Shapes | Checksum: 294b32572

Time (s): cpu = 00:00:00.56 ; elapsed = 00:00:00.53 . Memory (MB): peak = 2417.246 ; gain = 32.016 ; free physical = 576 ; free virtual = 9578

Phase 9.2 Verifying Netlist Connectivity

Starting Connectivity Check Task

Time (s): cpu = 00:00:00.01 ; elapsed = 00:00:00.01 . Memory (MB): peak = 2417.246 ; gain = 0.000 ; free physical = 576 ; free virtual = 9578
Phase 9.2 Verifying Netlist Connectivity | Checksum: 294b32572

Time (s): cpu = 00:00:00.57 ; elapsed = 00:00:00.54 . Memory (MB): peak = 2417.246 ; gain = 32.016 ; free physical = 576 ; free virtual = 9578
Phase 9 Finalization | Checksum: 294b32572

Time (s): cpu = 00:00:00.57 ; elapsed = 00:00:00.54 . Memory (MB): peak = 2417.246 ; gain = 32.016 ; free physical = 576 ; free virtual = 9578
Opt_design Change Summary
=========================


-------------------------------------------------------------------------------------------------------------------------
|  Phase                        |  #Cells created  |  #Cells Removed  |  #Constrained objects preventing optimizations  |
-------------------------------------------------------------------------------------------------------------------------
|  Retarget                     |               0  |               0  |                                              0  |
|  Constant propagation         |               0  |               0  |                                              0  |
|  Sweep                        |               0  |               0  |                                              0  |
|  BUFG optimization            |               0  |               0  |                                              0  |
|  Shift Register Optimization  |               0  |               0  |                                              0  |
|  Post Processing Netlist      |               0  |               0  |                                              0  |
-------------------------------------------------------------------------------------------------------------------------


Ending Logic Optimization Task | Checksum: 294b32572

Time (s): cpu = 00:00:00.58 ; elapsed = 00:00:00.55 . Memory (MB): peak = 2417.246 ; gain = 32.016 ; free physical = 576 ; free virtual = 9578

Starting Power Optimization Task
INFO: [Pwropt 34-132] Skipping clock gating for clocks with a period < 2.00 ns.
Ending Power Optimization Task | Checksum: 294b32572

Time (s): cpu = 00:00:00.01 ; elapsed = 00:00:00.01 . Memory (MB): peak = 2417.246 ; gain = 0.000 ; free physical = 576 ; free virtual = 9578

Starting Final Cleanup Task
Ending Final Cleanup Task | Checksum: 294b32572

Time (s): cpu = 00:00:00.01 ; elapsed = 00:00:00 . Memory (MB): peak = 2417.246 ; gain = 0.000 ; free physical = 576 ; free virtual = 9578

Starting Netlist Obfuscation Task
Netlist sorting complete. Time (s): cpu = 00:00:00 ; elapsed = 00:00:00 . Memory (MB): peak = 2417.246 ; gain = 0.000 ; free physical = 576 ; free virtual = 9578
Ending Netlist Obfuscation Task | Checksum: 294b32572

Time (s): cpu = 00:00:00 ; elapsed = 00:00:00 . Memory (MB): peak = 2417.246 ; gain = 0.000 ; free physical = 576 ; free virtual = 9578
INFO: [Common 17-83] Releasing license: Implementation
27 Infos, 0 Warnings, 0 Critical Warnings and 0 Errors encountered.
opt_design completed successfully
opt_design: Time (s): cpu = 00:00:18 ; elapsed = 00:00:16 . Memory (MB): peak = 2417.246 ; gain = 851.266 ; free physical = 576 ; free virtual = 9578
INFO: [Vivado 12-24828] Executing command : report_drc -file mn_adder_wrapper_drc_opted.rpt -pb mn_adder_wrapper_drc_opted.pb -rpx mn_adder_wrapper_drc_opted.rpx
Command: report_drc -file mn_adder_wrapper_drc_opted.rpt -pb mn_adder_wrapper_drc_opted.pb -rpx mn_adder_wrapper_drc_opted.rpx
INFO: [IP_Flow 19-234] Refreshing IP repositories
INFO: [IP_Flow 19-1704] No user IP repositories specified
INFO: [IP_Flow 19-2313] Loaded Vivado IP repository '/home/abhijit/Xilinx/Vivado/2024.2/data/ip'.
INFO: [DRC 23-27] Running DRC with 4 threads
INFO: [Vivado_Tcl 2-168] The results of DRC are in file /home/abhijit/Desktop/delay_automation/design_sweep_runs/mn_adder_N128M4/mn_adder_N128M4.runs/impl_1/mn_adder_wrapper_drc_opted.rpt.
report_drc completed successfully
Wrote PlaceDB: Time (s): cpu = 00:00:00.08 ; elapsed = 00:00:00.02 . Memory (MB): peak = 2417.246 ; gain = 0.000 ; free physical = 513 ; free virtual = 9515
Wrote PulsedLatchDB: Time (s): cpu = 00:00:00 ; elapsed = 00:00:00 . Memory (MB): peak = 2417.246 ; gain = 0.000 ; free physical = 513 ; free virtual = 9515
Write ShapeDB Complete: Time (s): cpu = 00:00:00.12 ; elapsed = 00:00:00.04 . Memory (MB): peak = 2417.246 ; gain = 0.000 ; free physical = 513 ; free virtual = 9515
Writing XDEF routing.
Writing XDEF routing logical nets.
Writing XDEF routing special nets.
Wrote RouteStorage: Time (s): cpu = 00:00:00.12 ; elapsed = 00:00:00.1 . Memory (MB): peak = 2417.246 ; gain = 0.000 ; free physical = 513 ; free virtual = 9515
Wrote Netlist Cache: Time (s): cpu = 00:00:00 ; elapsed = 00:00:00 . Memory (MB): peak = 2417.246 ; gain = 0.000 ; free physical = 513 ; free virtual = 9515
Wrote Device Cache: Time (s): cpu = 00:00:00.01 ; elapsed = 00:00:00.01 . Memory (MB): peak = 2417.246 ; gain = 0.000 ; free physical = 513 ; free virtual = 9515
Write Physdb Complete: Time (s): cpu = 00:00:00.22 ; elapsed = 00:00:00.13 . Memory (MB): peak = 2417.246 ; gain = 0.000 ; free physical = 513 ; free virtual = 9515
INFO: [Common 17-1381] The checkpoint '/home/abhijit/Desktop/delay_automation/design_sweep_runs/mn_adder_N128M4/mn_adder_N128M4.runs/impl_1/mn_adder_wrapper_opt.dcp' has been generated.
Command: place_design
Attempting to get a license for feature 'Implementation' and/or device 'xc7a200tl'
INFO: [Common 17-349] Got license for feature 'Implementation' and/or device 'xc7a200tl'
INFO: [Common 17-83] Releasing license: Implementation
INFO: [DRC 23-27] Running DRC with 4 threads
INFO: [Vivado_Tcl 4-198] DRC finished with 0 Errors
INFO: [Vivado_Tcl 4-199] Please refer to the DRC report (report_drc) for more information.
Running DRC as a precondition to command place_design
INFO: [DRC 23-27] Running DRC with 4 threads
INFO: [Vivado_Tcl 4-198] DRC finished with 0 Errors
INFO: [Vivado_Tcl 4-199] Please refer to the DRC report (report_drc) for more information.
INFO: [Place 30-611] Multithreading enabled for place_design using a maximum of 4 CPUs

Starting Placer Task

Phase 1 Placer Initialization

Phase 1.1 Placer Initialization Netlist Sorting
Netlist sorting complete. Time (s): cpu = 00:00:00 ; elapsed = 00:00:00 . Memory (MB): peak = 2417.246 ; gain = 0.000 ; free physical = 490 ; free virtual = 9492
Phase 1.1 Placer Initialization Netlist Sorting | Checksum: 1fd3702f4

Time (s): cpu = 00:00:00.01 ; elapsed = 00:00:00.01 . Memory (MB): peak = 2417.246 ; gain = 0.000 ; free physical = 490 ; free virtual = 9492
Netlist sorting complete. Time (s): cpu = 00:00:00 ; elapsed = 00:00:00 . Memory (MB): peak = 2417.246 ; gain = 0.000 ; free physical = 490 ; free virtual = 9492

Phase 1.2 IO Placement/ Clock Placement/ Build Placer Device
INFO: [Timing 38-35] Done setting XDC timing constraints.
Phase 1.2 IO Placement/ Clock Placement/ Build Placer Device | Checksum: 1ba7cb031

Time (s): cpu = 00:00:05 ; elapsed = 00:00:04 . Memory (MB): peak = 2417.246 ; gain = 0.000 ; free physical = 471 ; free virtual = 9473

Phase 1.3 Build Placer Netlist Model
Phase 1.3 Build Placer Netlist Model | Checksum: 1ccc339fe

Time (s): cpu = 00:00:06 ; elapsed = 00:00:05 . Memory (MB): peak = 2423.184 ; gain = 5.938 ; free physical = 469 ; free virtual = 9471

Phase 1.4 Constrain Clocks/Macros
Phase 1.4 Constrain Clocks/Macros | Checksum: 1ccc339fe

Time (s): cpu = 00:00:06 ; elapsed = 00:00:05 . Memory (MB): peak = 2423.184 ; gain = 5.938 ; free physical = 469 ; free virtual = 9471
Phase 1 Placer Initialization | Checksum: 1ccc339fe

Time (s): cpu = 00:00:06 ; elapsed = 00:00:05 . Memory (MB): peak = 2423.184 ; gain = 5.938 ; free physical = 467 ; free virtual = 9469

Phase 2 Global Placement

Phase 2.1 Floorplanning
Phase 2.1 Floorplanning | Checksum: 1ccc339fe

Time (s): cpu = 00:00:06 ; elapsed = 00:00:05 . Memory (MB): peak = 2423.184 ; gain = 5.938 ; free physical = 465 ; free virtual = 9467

Phase 2.2 Update Timing before SLR Path Opt
Phase 2.2 Update Timing before SLR Path Opt | Checksum: 1ccc339fe

Time (s): cpu = 00:00:06 ; elapsed = 00:00:05 . Memory (MB): peak = 2423.184 ; gain = 5.938 ; free physical = 465 ; free virtual = 9467

Phase 2.3 Post-Processing in Floorplanning
Phase 2.3 Post-Processing in Floorplanning | Checksum: 1ccc339fe

Time (s): cpu = 00:00:06 ; elapsed = 00:00:05 . Memory (MB): peak = 2423.184 ; gain = 5.938 ; free physical = 465 ; free virtual = 9467

Phase 2.4 Global Place Phase1
Phase 2.4 Global Place Phase1 | Checksum: 2a113575b

Time (s): cpu = 00:00:07 ; elapsed = 00:00:05 . Memory (MB): peak = 2460.191 ; gain = 42.945 ; free physical = 432 ; free virtual = 9434

Phase 2.5 Global Place Phase2
WARNING: [Place 46-29] Timing had been disabled during Placer and, therefore, physical synthesis in Placer will be skipped.
Phase 2.5 Global Place Phase2 | Checksum: 23d9a7323

Time (s): cpu = 00:00:08 ; elapsed = 00:00:06 . Memory (MB): peak = 2460.191 ; gain = 42.945 ; free physical = 432 ; free virtual = 9434
Phase 2 Global Placement | Checksum: 23d9a7323

Time (s): cpu = 00:00:08 ; elapsed = 00:00:06 . Memory (MB): peak = 2460.191 ; gain = 42.945 ; free physical = 432 ; free virtual = 9434

Phase 3 Detail Placement

Phase 3.1 Commit Multi Column Macros
Phase 3.1 Commit Multi Column Macros | Checksum: 23d9a7323

Time (s): cpu = 00:00:08 ; elapsed = 00:00:06 . Memory (MB): peak = 2460.191 ; gain = 42.945 ; free physical = 432 ; free virtual = 9434

Phase 3.2 Commit Most Macros & LUTRAMs
Phase 3.2 Commit Most Macros & LUTRAMs | Checksum: 2a51c71ab

Time (s): cpu = 00:00:08 ; elapsed = 00:00:06 . Memory (MB): peak = 2460.191 ; gain = 42.945 ; free physical = 432 ; free virtual = 9434

Phase 3.3 Area Swap Optimization
Phase 3.3 Area Swap Optimization | Checksum: 2ba1aa9aa

Time (s): cpu = 00:00:08 ; elapsed = 00:00:06 . Memory (MB): peak = 2460.191 ; gain = 42.945 ; free physical = 432 ; free virtual = 9434

Phase 3.4 Pipeline Register Optimization
Phase 3.4 Pipeline Register Optimization | Checksum: 2ba1aa9aa

Time (s): cpu = 00:00:08 ; elapsed = 00:00:06 . Memory (MB): peak = 2460.191 ; gain = 42.945 ; free physical = 432 ; free virtual = 9434

Phase 3.5 Small Shape Detail Placement
Phase 3.5 Small Shape Detail Placement | Checksum: 24bb9edeb

Time (s): cpu = 00:00:09 ; elapsed = 00:00:06 . Memory (MB): peak = 2468.750 ; gain = 51.504 ; free physical = 423 ; free virtual = 9425

Phase 3.6 Re-assign LUT pins
Phase 3.6 Re-assign LUT pins | Checksum: 24bb9edeb

Time (s): cpu = 00:00:09 ; elapsed = 00:00:06 . Memory (MB): peak = 2468.750 ; gain = 51.504 ; free physical = 423 ; free virtual = 9425

Phase 3.7 Pipeline Register Optimization
Phase 3.7 Pipeline Register Optimization | Checksum: 24bb9edeb

Time (s): cpu = 00:00:09 ; elapsed = 00:00:06 . Memory (MB): peak = 2468.750 ; gain = 51.504 ; free physical = 423 ; free virtual = 9425
Phase 3 Detail Placement | Checksum: 24bb9edeb

Time (s): cpu = 00:00:09 ; elapsed = 00:00:06 . Memory (MB): peak = 2468.750 ; gain = 51.504 ; free physical = 423 ; free virtual = 9425

Phase 4 Post Placement Optimization and Clean-Up

Phase 4.1 Post Commit Optimization
Phase 4.1 Post Commit Optimization | Checksum: 24bb9edeb

Time (s): cpu = 00:00:09 ; elapsed = 00:00:06 . Memory (MB): peak = 2468.750 ; gain = 51.504 ; free physical = 423 ; free virtual = 9425

Phase 4.2 Post Placement Cleanup
Phase 4.2 Post Placement Cleanup | Checksum: 24bb9edeb

Time (s): cpu = 00:00:10 ; elapsed = 00:00:07 . Memory (MB): peak = 2468.750 ; gain = 51.504 ; free physical = 423 ; free virtual = 9425

Phase 4.3 Placer Reporting

Phase 4.3.1 Print Estimated Congestion
INFO: [Place 30-612] Post-Placement Estimated Congestion 
 ____________________________________________________
|           | Global Congestion | Short Congestion  |
| Direction | Region Size       | Region Size       |
|___________|___________________|___________________|
|      North|                1x1|                1x1|
|___________|___________________|___________________|
|      South|                1x1|                1x1|
|___________|___________________|___________________|
|       East|                1x1|                1x1|
|___________|___________________|___________________|
|       West|                1x1|                1x1|
|___________|___________________|___________________|

Phase 4.3.1 Print Estimated Congestion | Checksum: 24bb9edeb

Time (s): cpu = 00:00:10 ; elapsed = 00:00:07 . Memory (MB): peak = 2468.750 ; gain = 51.504 ; free physical = 423 ; free virtual = 9425
Phase 4.3 Placer Reporting | Checksum: 24bb9edeb

Time (s): cpu = 00:00:10 ; elapsed = 00:00:07 . Memory (MB): peak = 2468.750 ; gain = 51.504 ; free physical = 423 ; free virtual = 9425

Phase 4.4 Final Placement Cleanup
Netlist sorting complete. Time (s): cpu = 00:00:00 ; elapsed = 00:00:00 . Memory (MB): peak = 2468.750 ; gain = 0.000 ; free physical = 423 ; free virtual = 9425

Time (s): cpu = 00:00:10 ; elapsed = 00:00:07 . Memory (MB): peak = 2468.750 ; gain = 51.504 ; free physical = 423 ; free virtual = 9425
Phase 4 Post Placement Optimization and Clean-Up | Checksum: 24bb9edeb

Time (s): cpu = 00:00:10 ; elapsed = 00:00:07 . Memory (MB): peak = 2468.750 ; gain = 51.504 ; free physical = 423 ; free virtual = 9425
Ending Placer Task | Checksum: 1a05edf48

Time (s): cpu = 00:00:10 ; elapsed = 00:00:07 . Memory (MB): peak = 2468.750 ; gain = 51.504 ; free physical = 423 ; free virtual = 9425
45 Infos, 1 Warnings, 0 Critical Warnings and 0 Errors encountered.
place_design completed successfully
place_design: Time (s): cpu = 00:00:16 ; elapsed = 00:00:08 . Memory (MB): peak = 2468.750 ; gain = 51.504 ; free physical = 423 ; free virtual = 9425
INFO: [Vivado 12-24838] Running report commands "report_control_sets, report_io, report_utilization" in parallel.
Running report generation with 2 threads.
INFO: [Vivado 12-24828] Executing command : report_utilization -file mn_adder_wrapper_utilization_placed.rpt -pb mn_adder_wrapper_utilization_placed.pb
INFO: [Vivado 12-24828] Executing command : report_control_sets -verbose -file mn_adder_wrapper_control_sets_placed.rpt
report_control_sets: Time (s): cpu = 00:00:00.2 ; elapsed = 00:00:00.14 . Memory (MB): peak = 2468.750 ; gain = 0.000 ; free physical = 413 ; free virtual = 9415
INFO: [Vivado 12-24828] Executing command : report_io -file mn_adder_wrapper_io_placed.rpt
report_io: Time (s): cpu = 00:00:00.94 ; elapsed = 00:00:00.69 . Memory (MB): peak = 2468.750 ; gain = 0.000 ; free physical = 396 ; free virtual = 9398
Write ShapeDB Complete: Time (s): cpu = 00:00:00.13 ; elapsed = 00:00:00.03 . Memory (MB): peak = 2483.215 ; gain = 6.461 ; free physical = 396 ; free virtual = 9399
Wrote PlaceDB: Time (s): cpu = 00:00:00.15 ; elapsed = 00:00:00.05 . Memory (MB): peak = 2483.215 ; gain = 6.461 ; free physical = 396 ; free virtual = 9399
Wrote PulsedLatchDB: Time (s): cpu = 00:00:00 ; elapsed = 00:00:00 . Memory (MB): peak = 2483.215 ; gain = 0.000 ; free physical = 396 ; free virtual = 9399
Writing XDEF routing.
Writing XDEF routing logical nets.
Writing XDEF routing special nets.
Wrote RouteStorage: Time (s): cpu = 00:00:00.02 ; elapsed = 00:00:00.02 . Memory (MB): peak = 2483.215 ; gain = 0.000 ; free physical = 396 ; free virtual = 9400
Wrote Netlist Cache: Time (s): cpu = 00:00:00 ; elapsed = 00:00:00 . Memory (MB): peak = 2483.215 ; gain = 0.000 ; free physical = 396 ; free virtual = 9400
Wrote Device Cache: Time (s): cpu = 00:00:00 ; elapsed = 00:00:00 . Memory (MB): peak = 2483.215 ; gain = 0.000 ; free physical = 396 ; free virtual = 9400
Write Physdb Complete: Time (s): cpu = 00:00:00.18 ; elapsed = 00:00:00.08 . Memory (MB): peak = 2483.215 ; gain = 6.461 ; free physical = 396 ; free virtual = 9400
INFO: [Common 17-1381] The checkpoint '/home/abhijit/Desktop/delay_automation/design_sweep_runs/mn_adder_N128M4/mn_adder_N128M4.runs/impl_1/mn_adder_wrapper_placed.dcp' has been generated.
Command: phys_opt_design
Attempting to get a license for feature 'Implementation' and/or device 'xc7a200tl'
INFO: [Common 17-349] Got license for feature 'Implementation' and/or device 'xc7a200tl'

Starting Initial Update Timing Task

Time (s): cpu = 00:00:00.03 ; elapsed = 00:00:00.03 . Memory (MB): peak = 2483.215 ; gain = 0.000 ; free physical = 391 ; free virtual = 9394
INFO: [Vivado_Tcl 4-235] No timing constraint found. The netlist was not modified.
INFO: [Common 17-83] Releasing license: Implementation
53 Infos, 1 Warnings, 0 Critical Warnings and 0 Errors encountered.
phys_opt_design completed successfully
Write ShapeDB Complete: Time (s): cpu = 00:00:00.14 ; elapsed = 00:00:00.04 . Memory (MB): peak = 2505.043 ; gain = 12.922 ; free physical = 391 ; free virtual = 9395
Wrote PlaceDB: Time (s): cpu = 00:00:00.16 ; elapsed = 00:00:00.05 . Memory (MB): peak = 2505.043 ; gain = 12.922 ; free physical = 391 ; free virtual = 9395
Wrote PulsedLatchDB: Time (s): cpu = 00:00:00 ; elapsed = 00:00:00 . Memory (MB): peak = 2505.043 ; gain = 0.000 ; free physical = 391 ; free virtual = 9395
Writing XDEF routing.
Writing XDEF routing logical nets.
Writing XDEF routing special nets.
Wrote RouteStorage: Time (s): cpu = 00:00:00.02 ; elapsed = 00:00:00.02 . Memory (MB): peak = 2505.043 ; gain = 0.000 ; free physical = 391 ; free virtual = 9395
Wrote Netlist Cache: Time (s): cpu = 00:00:00 ; elapsed = 00:00:00 . Memory (MB): peak = 2505.043 ; gain = 0.000 ; free physical = 391 ; free virtual = 9395
Wrote Device Cache: Time (s): cpu = 00:00:00.01 ; elapsed = 00:00:00 . Memory (MB): peak = 2505.043 ; gain = 0.000 ; free physical = 391 ; free virtual = 9395
Write Physdb Complete: Time (s): cpu = 00:00:00.19 ; elapsed = 00:00:00.08 . Memory (MB): peak = 2505.043 ; gain = 12.922 ; free physical = 391 ; free virtual = 9395
INFO: [Common 17-1381] The checkpoint '/home/abhijit/Desktop/delay_automation/design_sweep_runs/mn_adder_N128M4/mn_adder_N128M4.runs/impl_1/mn_adder_wrapper_physopt.dcp' has been generated.
Command: route_design
Attempting to get a license for feature 'Implementation' and/or device 'xc7a200tl'
INFO: [Common 17-349] Got license for feature 'Implementation' and/or device 'xc7a200tl'


Starting Routing Task
INFO: [Route 35-254] Multithreading enabled for route_design using a maximum of 4 CPUs

Phase 1 Build RT Design
Checksum: PlaceDB: 511df959 ConstDB: 0 ShapeSum: b725fa8b RouteDB: 981aeb64
Post Restoration Checksum: NetGraph: fac83bf2 | NumContArr: a4e87dda | Constraints: c2a8fa9d | Timing: c2a8fa9d
Phase 1 Build RT Design | Checksum: 32502af06

Time (s): cpu = 00:01:28 ; elapsed = 00:01:14 . Memory (MB): peak = 2695.301 ; gain = 190.258 ; free physical = 201 ; free virtual = 9200

Phase 2 Router Initialization
INFO: [Route 35-64] No timing constraints were detected. The router will operate in resource-optimization mode.

Phase 2.1 Fix Topology Constraints
Phase 2.1 Fix Topology Constraints | Checksum: 32502af06

Time (s): cpu = 00:01:28 ; elapsed = 00:01:14 . Memory (MB): peak = 2714.301 ; gain = 209.258 ; free physical = 183 ; free virtual = 9182

Phase 2.2 Pre Route Cleanup
Phase 2.2 Pre Route Cleanup | Checksum: 32502af06

Time (s): cpu = 00:01:28 ; elapsed = 00:01:14 . Memory (MB): peak = 2714.301 ; gain = 209.258 ; free physical = 183 ; free virtual = 9182
 Number of Nodes with overlaps = 0

Router Utilization Summary
  Global Vertical Routing Utilization    = 0 %
  Global Horizontal Routing Utilization  = 0 %
  Routable Net Status*
  *Does not include unroutable nets such as driverless and loadless.
  Run report_route_status for detailed report.
  Number of Failed Nets               = 451
    (Failed Nets is the sum of unrouted and partially routed nets)
  Number of Unrouted Nets             = 451
  Number of Partially Routed Nets     = 0
  Number of Node Overlaps             = 0

Phase 2 Router Initialization | Checksum: 21f3a97c4

Time (s): cpu = 00:01:32 ; elapsed = 00:01:15 . Memory (MB): peak = 2771.277 ; gain = 266.234 ; free physical = 121 ; free virtual = 9124

Phase 3 Global Routing
Phase 3 Global Routing | Checksum: 21f3a97c4

Time (s): cpu = 00:01:32 ; elapsed = 00:01:15 . Memory (MB): peak = 2771.277 ; gain = 266.234 ; free physical = 121 ; free virtual = 9124

Phase 4 Initial Routing

Phase 4.1 Initial Net Routing Pass
Phase 4.1 Initial Net Routing Pass | Checksum: 256a4f6ea

Time (s): cpu = 00:01:36 ; elapsed = 00:01:16 . Memory (MB): peak = 2771.277 ; gain = 266.234 ; free physical = 121 ; free virtual = 9124
Phase 4 Initial Routing | Checksum: 256a4f6ea

Time (s): cpu = 00:01:36 ; elapsed = 00:01:16 . Memory (MB): peak = 2771.277 ; gain = 266.234 ; free physical = 121 ; free virtual = 9124

Phase 5 Rip-up And Reroute

Phase 5.1 Global Iteration 0
 Number of Nodes with overlaps = 1
 Number of Nodes with overlaps = 0
Phase 5.1 Global Iteration 0 | Checksum: 248f0e5f0

Time (s): cpu = 00:01:37 ; elapsed = 00:01:17 . Memory (MB): peak = 2771.277 ; gain = 266.234 ; free physical = 121 ; free virtual = 9124
Phase 5 Rip-up And Reroute | Checksum: 248f0e5f0

Time (s): cpu = 00:01:37 ; elapsed = 00:01:17 . Memory (MB): peak = 2771.277 ; gain = 266.234 ; free physical = 121 ; free virtual = 9124

Phase 6 Delay and Skew Optimization
Phase 6 Delay and Skew Optimization | Checksum: 248f0e5f0

Time (s): cpu = 00:01:37 ; elapsed = 00:01:17 . Memory (MB): peak = 2771.277 ; gain = 266.234 ; free physical = 121 ; free virtual = 9124

Phase 7 Post Hold Fix

Phase 7.1 Hold Fix Iter
Phase 7.1 Hold Fix Iter | Checksum: 248f0e5f0

Time (s): cpu = 00:01:37 ; elapsed = 00:01:17 . Memory (MB): peak = 2771.277 ; gain = 266.234 ; free physical = 121 ; free virtual = 9124
Phase 7 Post Hold Fix | Checksum: 248f0e5f0

Time (s): cpu = 00:01:37 ; elapsed = 00:01:17 . Memory (MB): peak = 2771.277 ; gain = 266.234 ; free physical = 121 ; free virtual = 9124

Phase 8 Route finalize

Router Utilization Summary
  Global Vertical Routing Utilization    = 1.37273 %
  Global Horizontal Routing Utilization  = 0.915499 %
  Routable Net Status*
  *Does not include unroutable nets such as driverless and loadless.
  Run report_route_status for detailed report.
  Number of Failed Nets               = 0
    (Failed Nets is the sum of unrouted and partially routed nets)
  Number of Unrouted Nets             = 0
  Number of Partially Routed Nets     = 0
  Number of Node Overlaps             = 0


--GLOBAL Congestion:
Utilization threshold used for congestion level computation: 0.85
Congestion Report
North Dir 1x1 Area, Max Cong = 51.3514%, No Congested Regions.
South Dir 1x1 Area, Max Cong = 53.1532%, No Congested Regions.
East Dir 1x1 Area, Max Cong = 29.4118%, No Congested Regions.
West Dir 1x1 Area, Max Cong = 35.2941%, No Congested Regions.

------------------------------
Reporting congestion hotspots
------------------------------
Direction: North
----------------
Congested clusters found at Level 0
Effective congestion level: 0 Aspect Ratio: 1 Sparse Ratio: 0
Direction: South
----------------
Congested clusters found at Level 0
Effective congestion level: 0 Aspect Ratio: 1 Sparse Ratio: 0
Direction: East
----------------
Congested clusters found at Level 0
Effective congestion level: 0 Aspect Ratio: 1 Sparse Ratio: 0
Direction: West
----------------
Congested clusters found at Level 0
Effective congestion level: 0 Aspect Ratio: 1 Sparse Ratio: 0

Phase 8 Route finalize | Checksum: 248f0e5f0

Time (s): cpu = 00:01:38 ; elapsed = 00:01:17 . Memory (MB): peak = 2771.277 ; gain = 266.234 ; free physical = 121 ; free virtual = 9124

Phase 9 Verifying routed nets

 Verification completed successfully
Phase 9 Verifying routed nets | Checksum: 248f0e5f0

Time (s): cpu = 00:01:38 ; elapsed = 00:01:17 . Memory (MB): peak = 2771.277 ; gain = 266.234 ; free physical = 121 ; free virtual = 9124

Phase 10 Depositing Routes
Phase 10 Depositing Routes | Checksum: 248f0e5f0

Time (s): cpu = 00:01:38 ; elapsed = 00:01:17 . Memory (MB): peak = 2771.277 ; gain = 266.234 ; free physical = 121 ; free virtual = 9124

Phase 11 Post Process Routing
Phase 11 Post Process Routing | Checksum: 248f0e5f0

Time (s): cpu = 00:01:38 ; elapsed = 00:01:17 . Memory (MB): peak = 2771.277 ; gain = 266.234 ; free physical = 121 ; free virtual = 9124
Total Elapsed time in route_design: 77.04 secs

Phase 12 Post-Route Event Processing
Phase 12 Post-Route Event Processing | Checksum: 18986db70

Time (s): cpu = 00:01:38 ; elapsed = 00:01:17 . Memory (MB): peak = 2771.277 ; gain = 266.234 ; free physical = 121 ; free virtual = 9124
INFO: [Route 35-16] Router Completed Successfully
Ending Routing Task | Checksum: 18986db70

Time (s): cpu = 00:01:38 ; elapsed = 00:01:17 . Memory (MB): peak = 2771.277 ; gain = 266.234 ; free physical = 121 ; free virtual = 9124

Routing Is Done.
INFO: [Common 17-83] Releasing license: Implementation
59 Infos, 1 Warnings, 0 Critical Warnings and 0 Errors encountered.
route_design completed successfully
route_design: Time (s): cpu = 00:01:38 ; elapsed = 00:01:17 . Memory (MB): peak = 2771.277 ; gain = 266.234 ; free physical = 121 ; free virtual = 9124
INFO: [Vivado 12-24828] Executing command : report_drc -file mn_adder_wrapper_drc_routed.rpt -pb mn_adder_wrapper_drc_routed.pb -rpx mn_adder_wrapper_drc_routed.rpx
Command: report_drc -file mn_adder_wrapper_drc_routed.rpt -pb mn_adder_wrapper_drc_routed.pb -rpx mn_adder_wrapper_drc_routed.rpx
INFO: [IP_Flow 19-1839] IP Catalog is up to date.
INFO: [DRC 23-27] Running DRC with 4 threads
INFO: [Vivado_Tcl 2-168] The results of DRC are in file /home/abhijit/Desktop/delay_automation/design_sweep_runs/mn_adder_N128M4/mn_adder_N128M4.runs/impl_1/mn_adder_wrapper_drc_routed.rpt.
report_drc completed successfully
INFO: [Vivado 12-24828] Executing command : report_methodology -file mn_adder_wrapper_methodology_drc_routed.rpt -pb mn_adder_wrapper_methodology_drc_routed.pb -rpx mn_adder_wrapper_methodology_drc_routed.rpx
Command: report_methodology -file mn_adder_wrapper_methodology_drc_routed.rpt -pb mn_adder_wrapper_methodology_drc_routed.pb -rpx mn_adder_wrapper_methodology_drc_routed.rpx
INFO: [Timing 38-35] Done setting XDC timing constraints.
INFO: [DRC 23-133] Running Methodology with 4 threads
INFO: [Vivado_Tcl 2-1520] The results of Report Methodology are in file /home/abhijit/Desktop/delay_automation/design_sweep_runs/mn_adder_N128M4/mn_adder_N128M4.runs/impl_1/mn_adder_wrapper_methodology_drc_routed.rpt.
report_methodology completed successfully
INFO: [Vivado 12-24828] Executing command : report_timing_summary -max_paths 10 -report_unconstrained -file mn_adder_wrapper_timing_summary_routed.rpt -pb mn_adder_wrapper_timing_summary_routed.pb -rpx mn_adder_wrapper_timing_summary_routed.rpx -warn_on_violation 
INFO: [Timing 38-35] Done setting XDC timing constraints.
INFO: [Timing 38-91] UpdateTimingParams: Speed grade: -2L, Delay Type: min_max.
INFO: [Timing 38-191] Multithreading enabled for timing update using a maximum of 4 CPUs
WARNING: [Timing 38-313] There are no user specified timing constraints. Timing constraints are needed for proper timing analysis.
INFO: [Vivado 12-24838] Running report commands "report_bus_skew, report_incremental_reuse, report_route_status" in parallel.
Running report generation with 2 threads.
INFO: [Vivado 12-24828] Executing command : report_route_status -file mn_adder_wrapper_route_status.rpt -pb mn_adder_wrapper_route_status.pb
INFO: [Vivado 12-24828] Executing command : report_incremental_reuse -file mn_adder_wrapper_incremental_reuse_routed.rpt
INFO: [Vivado_Tcl 4-1062] Incremental flow is disabled. No incremental reuse Info to report.
INFO: [Vivado 12-24828] Executing command : report_bus_skew -warn_on_violation -file mn_adder_wrapper_bus_skew_routed.rpt -pb mn_adder_wrapper_bus_skew_routed.pb -rpx mn_adder_wrapper_bus_skew_routed.rpx
INFO: [Timing 38-91] UpdateTimingParams: Speed grade: -2L, Delay Type: min_max.
INFO: [Timing 38-191] Multithreading enabled for timing update using a maximum of 4 CPUs
INFO: [Vivado 12-24828] Executing command : report_power -file mn_adder_wrapper_power_routed.rpt -pb mn_adder_wrapper_power_summary_routed.pb -rpx mn_adder_wrapper_power_routed.rpx
Command: report_power -file mn_adder_wrapper_power_routed.rpt -pb mn_adder_wrapper_power_summary_routed.pb -rpx mn_adder_wrapper_power_routed.rpx
WARNING: [Power 33-232] No user defined clocks were found in the design! Power estimation will be inaccurate until this is corrected.
Resolution: Please specify clocks using create_clock/create_generated_clock for sequential elements. For pure combinatorial circuits, please specify a virtual clock, otherwise the vectorless estimation might be inaccurate
Running Vector-less Activity Propagation...

Finished Running Vector-less Activity Propagation
79 Infos, 3 Warnings, 0 Critical Warnings and 0 Errors encountered.
report_power completed successfully
INFO: [Vivado 12-24828] Executing command : report_clock_utilization -file mn_adder_wrapper_clock_utilization_routed.rpt
generate_parallel_reports: Time (s): cpu = 00:00:26 ; elapsed = 00:00:10 . Memory (MB): peak = 2814.035 ; gain = 42.758 ; free physical = 121 ; free virtual = 9092
Write ShapeDB Complete: Time (s): cpu = 00:00:00.13 ; elapsed = 00:00:00.03 . Memory (MB): peak = 2814.035 ; gain = 0.000 ; free physical = 131 ; free virtual = 9099
Wrote PlaceDB: Time (s): cpu = 00:00:00.16 ; elapsed = 00:00:00.05 . Memory (MB): peak = 2814.035 ; gain = 0.000 ; free physical = 131 ; free virtual = 9099
Wrote PulsedLatchDB: Time (s): cpu = 00:00:00 ; elapsed = 00:00:00 . Memory (MB): peak = 2814.035 ; gain = 0.000 ; free physical = 131 ; free virtual = 9099
Writing XDEF routing.
Writing XDEF routing logical nets.
Writing XDEF routing special nets.
Wrote RouteStorage: Time (s): cpu = 00:00:00.04 ; elapsed = 00:00:00.03 . Memory (MB): peak = 2814.035 ; gain = 0.000 ; free physical = 130 ; free virtual = 9099
Wrote Netlist Cache: Time (s): cpu = 00:00:00 ; elapsed = 00:00:00 . Memory (MB): peak = 2814.035 ; gain = 0.000 ; free physical = 130 ; free virtual = 9099
Wrote Device Cache: Time (s): cpu = 00:00:00 ; elapsed = 00:00:00.01 . Memory (MB): peak = 2814.035 ; gain = 0.000 ; free physical = 130 ; free virtual = 9099
Write Physdb Complete: Time (s): cpu = 00:00:00.2 ; elapsed = 00:00:00.09 . Memory (MB): peak = 2814.035 ; gain = 0.000 ; free physical = 130 ; free virtual = 9099
INFO: [Common 17-1381] The checkpoint '/home/abhijit/Desktop/delay_automation/design_sweep_runs/mn_adder_N128M4/mn_adder_N128M4.runs/impl_1/mn_adder_wrapper_routed.dcp' has been generated.
INFO: [Common 17-206] Exiting Vivado at Mon Jun  9 18:05:41 2025...
[Mon Jun  9 18:05:47 2025] impl_1 finished
wait_on_runs: Time (s): cpu = 00:00:02 ; elapsed = 00:02:19 . Memory (MB): peak = 1367.320 ; gain = 0.000 ; free physical = 1861 ; free virtual = 10829

Synthesis completed successfully for N=128, M=4


INFO: [Common 17-206] Exiting Vivado at Mon Jun  9 18:05:47 2025...
